objid,run,rerun,camcol,field,obj,type,ra,dec,u,g,r,i,z,Err_u,Err_g,Err_r,Err_i,Err_z,u-g,g-r,,,my 20 (19),,,,
1237671939804562410,6162,301,3,133,1002,3,258.0636501,64.05066731,23.14498,22.33704,21.78537,21.48095,21.3557,0.9888645,0.1884914,0.163356,0.1837483,0.625124,0.80794,0.55167,,,u-g,g-r,,,
1237671939804562370,6162,301,3,133,962,3,258.0393925,64.04687888,23.73964,22.70308,23.08325,22.13591,21.86266,0.8809218,0.1568516,0.298825,0.1956763,0.5251988,1.03656,-0.38017,,,0.1031487,-0.3295225,,y,x
1237671939804562376,6162,301,3,133,968,3,258.0415494,64.04890186,24.44411,22.2908,21.79786,21.51736,21.25181,1.246201,0.1142246,0.1168519,0.1197824,0.3563045,2.15331,0.49294,,,-0.0029305,-0.2365221,,2.2,0
1237671939804562783,6162,301,3,133,1375,3,258.0301883,64.05039068,23.64357,24.19473,22.85099,21.56622,21.39789,0.694288,0.4212756,0.1958798,0.09339497,0.2900121,-0.55116,1.34374,,,0.10248483,-0.19661713,,1.2,1
1237671939804563016,6162,301,3,133,1608,3,258.0451241,64.05406722,23.03228,22.94671,22.33719,21.84371,22.16762,0.6353808,0.2300797,0.189898,0.1824533,0.8009652,0.08557,0.60952,,,0.0074447,-0.6185119,,,
1237671939804562388,6162,301,3,133,980,3,258.0477269,64.05015655,23.94058,22.26511,21.65991,21.55532,21.34402,1.105315,0.1182246,0.09627365,0.1282074,0.3937955,1.67547,0.6052,,,-0.03193375,-0.2655881,,,
1237671939804562394,6162,301,3,133,986,3,258.0555672,64.04793552,22.42164,20.36793,19.63078,19.25985,19.15021,0.5253435,0.03427228,0.02599142,0.02725316,0.0928786,2.05371,0.73715,,,-0.00126174,-0.06562544,,,
1237671939804561799,6162,301,3,133,391,3,257.9794185,64.04483122,23.85518,21.96332,21.31162,20.99982,21.09684,0.8451092,0.07562751,0.05819001,0.06520858,0.2540996,1.89186,0.6517,,,-0.00701857,-0.18889102,,,
1237671939804561826,6162,301,3,133,418,3,258.0040947,64.0378606,19.43979,17.46256,16.59365,16.18349,15.89841,0.05098085,0.005437127,0.004109875,0.004042025,0.008690079,1.97723,0.86891,,,6.785E-05,-0.004648054,,,
1237671939804561827,6162,301,3,133,419,3,258.0105425,64.03483247,23.92399,21.7298,21.20186,20.9449,21.22378,1.12465,0.07730222,0.06906967,0.08057273,0.3829792,2.19419,0.52794,,,-0.01150306,-0.30240647,,,
1237671939804561474,6162,301,3,133,66,3,258.0674953,64.03677186,19.86892,17.792,16.80831,16.36035,16.00596,0.05192068,0.0058539,0.004133952,0.004003015,0.007428244,2.07692,0.98369,,,0.000130937,-0.003425229,,,
1237671939804561506,6162,301,3,133,98,3,258.0553751,64.03274779,21.67838,19.25708,18.27728,17.89511,17.73835,0.3161064,0.01656188,0.0105676,0.01072187,0.03225809,2.4213,0.9798,,,-0.00015427,-0.02153622,,,
1237671939804561514,6162,301,3,133,106,3,258.054387,64.03186084,23.53041,20.34925,19.45041,19.2375,18.9276,1.280848,0.03548972,0.02323884,0.02731728,0.07742034,3.18116,0.89884,,,-0.00407844,-0.05010306,,,
1237671939804563005,6162,301,3,133,1597,3,258.056383,64.02582379,25.275,26.21351,25.27114,23.72493,20.53777,0.9179699,0.4127449,0.6162237,0.5735207,0.1676058,-0.93851,0.94237,,,0.042703,0.4059149,,,
1237671939804562771,6162,301,3,133,1363,3,258.0234945,64.0310841,23.53355,22.91508,22.06335,22.37255,22.11461,0.9553755,0.230326,0.1514765,0.2906547,0.7397791,0.61847,0.85173,,,-0.1391782,-0.4491244,,,
1237671939804561436,6162,301,3,133,28,3,258.0252953,64.03791514,21.79196,19.90415,18.85971,18.366,18.04272,0.229046,0.01916774,0.01171008,0.01102309,0.02791821,1.88781,1.04444,,,0.00068699,-0.01689512,,,
1237671939804562354,6162,301,3,133,946,3,258.0330783,64.03522074,21.8413,19.76641,19.03922,18.6493,18.34961,0.4583776,0.02864467,0.02213403,0.02302885,0.06657585,2.07489,0.72719,,,-0.00089482,-0.043547,,,
1237671939804561437,6162,301,3,133,29,3,258.0176814,64.04524544,23.24051,24.18034,22.4428,21.3371,21.87042,0.6247628,0.5207134,0.173053,0.09584997,0.5209242,-0.93983,1.73754,,,0.07720303,-0.42507423,,,
1237671939804561438,6162,301,3,133,30,3,258.0266253,64.04723317,25.29822,23.42267,22.41368,21.72382,21.66787,0.8237014,0.2508045,0.1397491,0.1112213,0.3671286,1.87555,1.00899,,,0.0285278,-0.2559073,,,
1237671939804561435,6162,301,3,133,27,3,258.0324298,64.04295664,21.71331,19.66511,18.75641,18.2846,18.02248,0.207144,0.0158755,0.01074273,0.0103391,0.02670782,2.0482,0.9087,,,0.00040363,-0.01636872,,,
1237671939804561434,6162,301,3,133,26,3,258.0277804,64.0403884,19.82627,17.78582,16.65903,16.16651,15.85271,0.0768339,0.006977096,0.004429605,0.004174802,0.009153605,2.04045,1.12679,,,,,,,
1237671939804562796,6162,301,3,133,1388,3,258.0533936,64.02251283,26.0586,23.16938,22.19294,22.39247,22.1121,0.5852848,0.233112,0.1390984,0.2398837,0.5991412,2.88922,0.97644,,,,,,,
1237671939804563017,6162,301,3,133,1609,3,258.0683096,64.01476403,25.16095,23.61077,22.52411,22.23453,21.25576,1.325405,0.4175598,0.328044,0.2778726,0.4408,1.55018,1.08666,,,,,,,
1237671939804562361,6162,301,3,133,953,3,258.0402964,64.02371877,23.57873,22.78529,22.154,21.99445,22.59363,0.8504407,0.1784468,0.141951,0.18015,0.7587134,0.79344,0.63129,,,,,,,
1237671939804562360,6162,301,3,133,952,3,258.0450117,64.02279572,24.03442,21.59733,21.17596,20.85766,22.18253,1.740981,0.09658854,0.09572434,0.10881,1.084571,2.43709,0.42137,,,,,,,
1237671939804562359,6162,301,3,133,951,3,258.044514,64.02381014,24.20885,24.81607,23.99199,21.1468,20.71977,1.160615,0.676749,0.5743695,0.08125808,0.2112157,-0.60722,0.82408,,,,,,,
1237671939804562780,6162,301,3,133,1372,3,258.0351249,64.02556681,23.1795,22.28485,21.43389,21.03534,21.49526,0.9454131,0.1662036,0.1156917,0.1220842,0.6901512,0.89465,0.85096,,,,,,,
1237671939804562784,6162,301,3,133,1376,3,258.0431053,64.01892518,24.57387,23.63197,22.57537,21.65986,21.50553,0.9991296,0.2877338,0.1584331,0.1037456,0.3231344,0.9419,1.0566,,,,,,,
1237671939804563004,6162,301,3,133,1596,3,258.0193,64.02830193,24.40002,24.57287,24.59797,24.57601,20.83995,1.037263,0.5668383,0.6399367,0.633323,0.2073819,-0.17285,-0.0251,,,,,,,
1237671939804562339,6162,301,3,133,931,3,258.0206698,64.02478814,22.56796,22.79848,22.44748,21.74132,21.51888,0.3476332,0.1623302,0.1632481,0.1288121,0.381099,-0.23052,0.351,,,,,,,
1237671939804562661,6162,301,3,133,1253,3,258.2421988,64.08240316,24.41442,23.18833,22.00494,21.47896,21.37779,0.9709647,0.1970245,0.09597757,0.0847034,0.2935401,1.22609,1.18339,,,,,,,
1237671939804627819,6162,301,3,134,875,3,258.2698661,64.07502369,26.02992,22.87573,21.26516,20.24505,19.88106,0.5853509,0.1742758,0.06067972,0.03630675,0.1012629,3.15419,1.61057,,,,,,,
1237671939804627823,6162,301,3,134,879,3,258.2725586,64.07769221,23.00638,21.85944,21.22313,20.93989,20.76563,0.5750911,0.0821472,0.06734907,0.07583354,0.2542,1.14694,0.63631,,,,,,,
1237671939804627592,6162,301,3,134,648,3,258.2527414,64.08090469,21.87139,19.88787,19.0018,18.60456,18.34194,0.2467792,0.01918656,0.01309852,0.01299215,0.03583404,1.98352,0.88607,,,,,,,
1237671939804628282,6162,301,3,134,1338,3,258.2568059,64.0831091,24.93143,23.35665,22.43983,21.7245,21.97318,1.212482,0.2837868,0.1800705,0.1497733,0.5887443,1.57478,0.91682,,,,,,,
1237671939804561512,6162,301,3,133,104,3,258.1952132,64.07501071,22.90206,19.91334,18.72573,18.33514,18.26459,1.145724,0.03367978,0.01777066,0.01788365,0.06164918,2.98872,1.18761,,,,,,,
1237671939804561531,6162,301,3,133,123,3,258.1893351,64.07623874,22.749,21.89656,21.15604,20.66683,20.63926,0.4330658,0.08046615,0.05922459,0.05469617,0.2048572,0.85244,0.74052,,,,,,,
1237671939804561532,6162,301,3,133,124,3,258.1833864,64.07446837,23.84269,22.22258,21.81178,21.14746,21.69268,0.8384386,0.09610235,0.09083757,0.0716029,0.3970437,1.62011,0.4108,,,,,,,
1237671939804563019,6162,301,3,133,1611,3,258.2194877,64.06734744,23.00726,23.95715,22.3671,22.30326,22.36666,0.6926002,0.5705475,0.2277465,0.3125026,0.9570158,-0.94989,1.59005,,,,,,,
1237671939804562887,6162,301,3,133,1479,3,258.210202,64.06781096,23.5096,23.32693,22.311,22.34001,22.87855,0.752528,0.2579229,0.1497891,0.2188226,0.7157375,0.18267,1.01593,,,,,,,
1237671939804561505,6162,301,3,133,97,3,258.2136392,64.0770536,21.74025,19.55671,18.74655,18.28754,18.20393,0.2249391,0.0151515,0.01097098,0.01048178,0.03287841,2.18354,0.81016,,,,,,,
1237671939804561475,6162,301,3,133,67,3,258.2133566,64.07316957,19.22808,17.19313,16.26248,15.74695,15.4874,0.04919117,0.004988501,0.003694817,0.003473432,0.007416609,2.03495,0.93065,,,,,,,
1237671939804561535,6162,301,3,133,127,3,258.2068158,64.07445981,21.62093,21.26374,21.4302,21.40214,21.864,0.1833223,0.05493735,0.0845228,0.1207078,0.5836574,0.35719,-0.16646,,,,,,,
1237671939804626964,6162,301,3,134,20,3,258.262789,64.05554868,20.06546,18.08128,17.11202,16.66541,16.3513,0.1222993,0.01025086,0.006834088,0.006626931,0.01657853,1.98418,0.96926,,,,,,,
1237671939804627016,6162,301,3,134,72,3,258.276055,64.05541034,25.31738,23.53733,23.70666,22.24139,22.357,0.8863196,0.2941316,0.4429424,0.1910705,0.6328377,1.78005,-0.16933,,,,,,,
1237671939804626968,6162,301,3,134,24,3,258.2802521,64.06186445,21.93677,19.36834,18.44525,18.03634,17.74638,0.2696397,0.0133598,0.009081204,0.008965431,0.02323822,2.56843,0.92309,,,,,,,
1237671939804627017,6162,301,3,134,73,3,258.2800358,64.06389526,25.11545,23.07781,22.3208,22.92932,21.88681,1.128265,0.2283744,0.1669801,0.3908894,0.57495,2.03764,0.75701,,,,,,,
1237671939804627820,6162,301,3,134,876,3,258.2744172,64.06582167,24.78468,22.80226,22.1251,21.58162,22.36432,1.062164,0.154298,0.1184376,0.1050722,0.6082116,1.98242,0.67716,,,,,,,
1237671939804627792,6162,301,3,134,848,3,258.2585288,64.07514187,23.5017,20.88701,20.02548,19.68286,19.37295,1.050092,0.04447633,0.03030071,0.0320779,0.09354339,2.61469,0.86153,,,,,,,
1237671939804627252,6162,301,3,134,308,3,258.2649761,64.06934695,25.04438,23.13905,21.97474,21.3063,20.76285,1.052856,0.217591,0.1106602,0.08837762,0.215882,1.90533,1.16431,,,,,,,
1237671939804562652,6162,301,3,133,1244,3,258.2340267,64.07921983,24.25187,21.51799,20.77792,20.49801,20.08758,1.135646,0.05720923,0.04188201,0.04615132,0.124828,2.73388,0.74007,,,,,,,
1237671939804562655,6162,301,3,133,1247,3,258.240955,64.07295952,22.67077,21.21058,20.43135,20.073,19.9816,0.5624754,0.05938826,0.04411263,0.04753085,0.1914878,1.46019,0.77923,,,,,,,
1237671939804561538,6162,301,3,133,130,3,258.1216551,64.04876974,23.5065,22.04415,21.21283,20.88661,20.9361,0.7791851,0.09102575,0.06072673,0.06558531,0.2613,1.46235,0.83132,,,,,,,
1237671939804561480,6162,301,3,133,72,3,258.1069546,64.06542838,19.5965,17.79084,16.8632,16.40177,16.09486,0.05053544,0.006120604,0.004468842,0.004279196,0.008933232,1.80566,0.92764,,,,,,,
1237671939804561503,6162,301,3,133,95,3,258.1085517,64.05746488,22.058,19.89824,19.02687,18.63956,18.30756,0.236789,0.01786675,0.01204634,0.01188993,0.028513,2.15976,0.87137,,,,,,,
1237671939804561529,6162,301,3,133,121,3,258.1042123,64.05974918,24.39394,22.56558,21.7796,21.19886,21.36322,1.06206,0.1314719,0.08964777,0.0766239,0.3159252,1.82836,0.78598,,,,,,,
1237671939804561520,6162,301,3,133,112,3,258.1675302,64.05172408,25.01685,21.34881,23.08813,22.74882,21.85483,0.8816137,0.05100987,0.2326377,0.2422996,0.3912507,3.66804,-1.73932,,,,,,,
1237671939804561969,6162,301,3,133,561,3,258.1662092,64.04163635,23.03355,21.64643,21.04791,20.64285,22.28855,0.6089522,0.06987636,0.05765288,0.05923444,0.7335512,1.38712,0.59852,,,,,,,
1237671939804562856,6162,301,3,133,1448,3,258.1594218,64.04182536,25.55797,23.03213,22.21697,21.75772,22.16824,0.8545678,0.2067344,0.1416577,0.1355804,0.6136294,2.52584,0.81516,,,,,,,
1237671939804561492,6162,301,3,133,84,3,258.1384524,64.07166634,21.5633,19.19833,18.25473,17.86046,17.49406,0.1513836,0.01167746,0.007789053,0.007621202,0.01605746,2.36497,0.9436,,,,,,,
1237671939804561497,6162,301,3,133,89,3,258.1404835,64.06757692,21.27358,19.56205,18.74035,18.26779,22.8269,0.1226456,0.01412499,0.01011086,0.009449274,0.8360243,1.71153,0.8217,,,,,,,
1237671939804561510,6162,301,3,133,102,3,258.1723448,64.06244923,21.57241,19.3758,24.80205,24.36182,18.07866,0.4171474,0.02392346,2.749202,2.671256,0.06091936,2.19661,-5.42625,,,,,,,
1237671939804561525,6162,301,3,133,117,3,258.1641576,64.06633794,28.41815,26.18082,16.19823,21.87767,27.90404,2.779837,18.16531,0.02366584,6.463452,0.5909264,2.23733,9.98259,,,,,,,
1237671939804561466,6162,301,3,133,58,3,258.1453615,64.07070394,17.94412,15.42686,14.45415,13.74438,13.69301,0.04091509,0.002893313,0.002261276,0.01157152,0.004153927,2.51726,0.97271,,,,,,,
1237671939804561476,6162,301,3,133,68,3,258.1199461,64.06074828,17.3246,14.93716,14.03668,13.56315,13.3306,0.03335369,0.002602796,0.002119043,0.002051481,0.004056128,2.38744,0.90048,,,,,,,
1237671939804561489,6162,301,3,133,81,3,258.1439303,64.05337769,20.96467,18.9541,17.9613,17.50213,17.1744,0.1031424,0.00988037,0.006510011,0.006223662,0.01356849,2.01057,0.9928,,,,,,,
1237671939804561521,6162,301,3,133,113,3,258.1383428,64.05514121,23.45984,18.87031,24.79969,19.36124,22.01883,5.498808,0.03718853,6.529328,0.1235298,4.758816,4.58953,-5.92938,,,,,,,
1237671939804628537,6162,301,3,134,1593,3,258.2710872,64.04551457,25.50894,23.86787,22.44186,21.35813,20.39598,1.554069,0.7058818,0.3151438,0.1735836,0.2997032,1.64107,1.42601,,,,,,,
1237671939804627822,6162,301,3,134,878,3,258.2850352,64.04532909,22.06679,20.78037,20.46486,20.24337,20.24307,0.3336653,0.04167546,0.04566244,0.05521818,0.2152635,1.28642,0.31551,,,,,,,
1237671939804561652,6162,301,3,133,244,3,258.2581601,64.04153901,24.98638,23.06812,21.20571,20.2928,20.00012,1.107237,0.2184087,0.06061417,0.04005918,0.11878,1.91826,1.86241,,,,,,,
1237671939804562920,6162,301,3,133,1512,3,258.2662511,64.04009349,26.19138,22.78603,21.56638,21.07645,21.74273,0.9663281,0.2954203,0.1450827,0.1386707,0.9216558,3.40535,1.21965,,,,,,,
1237671939804561998,6162,301,3,133,590,3,258.2390098,64.02967686,21.29271,19.37389,18.44535,18.03115,17.74383,0.1661297,0.01445025,0.009687721,0.009499734,0.024586,1.91882,0.92854,,,,,,,
1237671939804562882,6162,301,3,133,1474,3,258.2205765,64.02606606,25.38175,22.83611,21.75309,21.62928,21.07738,1.091565,0.199054,0.1109177,0.1453277,0.3477939,2.54564,1.08302,,,,,,,
1237671939804562600,6162,301,3,133,1192,3,258.2214501,64.03529591,23.51765,21.91707,21.25225,20.901,20.9329,1.116407,0.1131938,0.08967226,0.09577795,0.3853008,1.60058,0.66482,,,,,,,
1237671939804561999,6162,301,3,133,591,3,258.230951,64.03240902,19.72405,18.28127,17.63827,17.26305,17.14701,0.07632108,0.009322798,0.007875269,0.008122045,0.02589248,1.44278,0.643,,,,,,,
1237671939804561997,6162,301,3,133,589,3,258.2308472,64.0292542,20.3571,18.21394,17.31192,16.87028,16.55889,0.09317045,0.007786784,0.005579782,0.005419866,0.01230601,2.14316,0.90202,,,,,,,
1237671939804562001,6162,301,3,133,593,3,258.2246008,64.02814182,24.00024,23.48902,21.79184,21.29606,21.23076,0.8738512,0.2596211,0.082383,0.0754016,0.2717896,0.51122,1.69718,,,,,,,
1237671939804562002,6162,301,3,133,594,3,258.2452911,64.03114676,24.20234,23.13119,22.17909,21.24362,20.57165,1.142984,0.2325402,0.1437559,0.0908397,0.198079,1.07115,0.9521,,,,,,,
1237671939804562866,6162,301,3,133,1458,3,258.1895591,64.03436814,23.78336,22.8835,21.86723,21.712,21.37569,1.039245,0.2082017,0.1242596,0.1556861,0.4387693,0.89986,1.01627,,,,,,,
1237671939804562586,6162,301,3,133,1178,3,258.2013353,64.03865701,23.14319,21.18533,20.42556,20.24924,19.9673,0.7594354,0.05552673,0.04065487,0.05001513,0.1528033,1.95786,0.75977,,,,,,,
1237671939804562561,6162,301,3,133,1153,3,258.1834063,64.04166772,23.0259,22.12181,21.72428,21.26509,21.52804,0.6865945,0.1205204,0.1297268,0.1300342,0.5823805,0.90409,0.39753,,,,,,,
1237671939804562883,6162,301,3,133,1475,3,258.2171446,64.04157167,24.88101,23.04739,22.11278,21.98072,21.81904,1.150033,0.2116236,0.1310407,0.1692533,0.5214107,1.83362,0.93461,,,,,,,
1237671939804561484,6162,301,3,133,76,3,258.1816362,64.05353954,19.58479,17.71295,16.78555,16.3432,16.07186,0.05082011,0.005918154,0.004367802,0.004220489,0.008886102,1.87184,0.9274,,,,,,,
1237671939804562564,6162,301,3,133,1156,3,258.1838198,64.04744277,23.63052,22.80722,22.41304,21.83803,21.36066,0.7305555,0.153442,0.1481755,0.1292081,0.3163441,0.8233,0.39418,,,,,,,
1237671939804627013,6162,301,3,134,69,3,258.2765527,64.04961267,25.29317,23.11523,22.22871,21.8889,21.81125,1.12505,0.2533948,0.168966,0.1836683,0.6109393,2.17794,0.88652,,,,,,,
1237671939804561650,6162,301,3,133,242,3,258.2365537,64.05313963,23.28469,21.0124,20.06925,19.47815,19.19583,0.6640752,0.0388976,0.02434414,0.02131083,0.06029226,2.27229,0.94315,,,,,,,
1237671939804561671,6162,301,3,133,263,3,258.2496885,64.05684783,24.25339,23.92522,23.53014,23.252,22.63245,1.009766,0.3888159,0.3796362,0.4244276,0.6514195,0.32817,0.39508,,,,,,,
1237671939804561675,6162,301,3,133,267,3,258.2450327,64.05462428,24.53901,23.72169,23.79521,23.36719,23.57578,1.154534,0.3561555,0.4898637,0.4849004,0.5636305,0.81732,-0.07352,,,,,,,
1237671939804561661,6162,301,3,133,253,3,258.2425098,64.05628833,25.03272,22.70712,21.64545,21.65833,21.93927,1.238637,0.1741046,0.09858681,0.1556744,0.6357347,2.3256,1.06167,,,,,,,
1237671939804561653,6162,301,3,133,245,3,258.24691,64.04395797,23.40418,21.8134,20.62508,20.23922,20.42656,0.7475816,0.08149798,0.04027578,0.04090009,0.1827625,1.59078,1.18832,,,,,,,
1237671939804561648,6162,301,3,133,240,3,258.2534905,64.047341,20.95126,18.6745,18.35544,17.78956,17.55147,0.2535219,0.01717238,0.0183565,0.01494879,0.04249194,2.27676,0.31906,,,,,,,
1237671939804561672,6162,301,3,133,264,3,258.2533175,64.04447721,25.36878,25.04022,23.14082,24.3496,23.67862,1.036976,0.7643666,0.3773892,0.8383507,0.6379057,0.32856,1.8994,,,,,,,
1237671939804561663,6162,301,3,133,255,3,258.2452394,64.04797542,24.55019,25.17683,23.5325,22.36546,22.54073,1.065395,0.6245656,0.3757171,0.2035332,0.6281456,-0.62664,1.64433,,,,,,,
1237671939804561670,6162,301,3,133,262,3,258.2391628,64.04686249,24.40229,24.48734,24.48393,22.63537,22.78593,1.093199,0.5530455,0.6489867,0.2660244,0.6748748,-0.08505,0.00341,,,,,,,
1237671939804561642,6162,301,3,133,234,3,258.2402613,64.05103239,19.97055,18.02808,17.15332,16.75653,16.5045,0.07911072,0.007816929,0.005617437,0.005608907,0.01337698,1.94247,0.87476,,,,,,,
1237671939804561640,6162,301,3,133,232,3,258.2584579,64.05229709,17.96696,15.81899,14.82889,14.39119,14.08146,0.03141735,0.003212881,0.002435178,0.002401663,0.004510812,2.14797,0.9901,,,,,,,
1237671939804561654,6162,301,3,133,246,3,258.2508039,64.05144461,23.33982,22.3194,21.41105,21.11971,20.84277,0.6640186,0.1169861,0.07641038,0.08052275,0.2381976,1.02042,0.90835,,,,,,,
1237671939804561472,6162,301,3,133,64,3,258.1709869,64.07269653,19.22295,17.07339,16.12337,15.64486,15.33133,0.048023,0.004666888,0.003477939,0.003300414,0.00654745,2.14956,0.95002,,,,,,,
1237671939804561488,6162,301,3,133,80,3,258.1702388,64.07091592,21.37524,18.98603,18.08582,17.74224,17.27822,0.1363848,0.01016632,0.007105212,0.007185561,0.01423681,2.38921,0.90021,,,,,,,
1237671939804562616,6162,301,3,133,1208,3,258.2183258,64.06319183,24.68191,22.36218,21.77893,21.10454,22.20515,1.2605,0.1221235,0.1043006,0.08439483,0.6862757,2.31973,0.58325,,,,,,,
1237671939804562606,6162,301,3,133,1198,3,258.2144265,64.05690914,23.3746,21.77658,20.98555,20.38789,21.3371,1.739412,0.1652286,0.1209826,0.1046388,0.9511231,1.59802,0.79103,,,,,,,
1237671939804562609,6162,301,3,133,1201,3,258.2156806,64.06007956,24.03946,21.47682,20.73711,20.3303,20.40927,1.160263,0.06053378,0.04508002,0.04547102,0.1891508,2.56264,0.73971,,,,,,,
1237671939804562610,6162,301,3,133,1202,3,258.213807,64.059186,24.73358,22.54807,21.90881,21.65874,22.0667,1.238331,0.1416565,0.1148844,0.1330512,0.6212412,2.18551,0.63926,,,,,,,
1237671939804561644,6162,301,3,133,236,3,258.2263966,64.05471054,21.20975,19.32097,18.44257,18.05359,17.82893,0.1318721,0.01256071,0.00878675,0.008756622,0.022846,1.88878,0.8784,,,,,,,
1237671939804561658,6162,301,3,133,250,3,258.221491,64.05751479,23.60674,23.07467,21.93784,21.60282,21.99699,0.7275607,0.1944886,0.09841073,0.1037598,0.4945464,0.53207,1.13683,,,,,,,
1237671939804561651,6162,301,3,133,243,3,258.2204497,64.05494856,21.34523,20.38214,20.05288,19.73564,19.95149,0.1344207,0.02409591,0.02404763,0.02558,0.1155039,0.96309,0.32926,,,,,,,
1237671939804561470,6162,301,3,133,62,3,258.2083664,64.05294821,19.19729,16.99064,16.03191,15.5874,15.33404,0.04538317,0.004396979,0.003275655,0.003198166,0.006463799,2.20665,0.95873,,,,,,,
1237671939804561980,6162,301,3,133,572,3,258.1879167,64.03102217,21.07348,19.18147,18.28698,17.88602,17.5404,0.1428759,0.0128823,0.008909096,0.008866659,0.02161001,1.89201,0.89449,,,,,,,
1237671939804562579,6162,301,3,133,1171,3,258.1990411,64.02852847,23.8699,22.62782,21.66268,21.77282,21.33136,1.104584,0.1674954,0.1031014,0.1664404,0.4270499,1.24208,0.96514,,,,,,,
1237671939804562562,6162,301,3,133,1154,3,258.19237,64.02218656,24.6516,22.28948,22.13495,21.86064,21.41824,1.466687,0.1370267,0.1695249,0.1929302,0.4881097,2.36212,0.15453,,,,,,,
1237671939804562093,6162,301,3,133,685,3,258.1992723,64.0231935,22.75136,22.35798,21.22857,20.8281,20.53008,0.4488654,0.1234734,0.06542537,0.06586628,0.1963295,0.39338,1.12941,,,,,,,
1237671939804562580,6162,301,3,133,1172,3,258.2058051,64.01919986,22.08942,21.58161,20.73037,20.47097,19.88477,0.3065989,0.07461818,0.05099366,0.05891345,0.1380854,0.50781,0.85124,,,,,,,
1237671939804561495,6162,301,3,133,87,3,258.0692568,64.05868664,20.81291,18.6418,17.70591,17.27723,17.00225,0.1158588,0.009167989,0.006414275,0.006235367,0.01463485,2.17111,0.93589,,,,,,,
1237671939804561504,6162,301,3,133,96,3,258.0905969,64.05348172,23.55381,25.11438,19.4309,24.3618,18.65772,0.7146896,0.7932264,0.01456635,0.7922961,0.03437885,-1.56057,5.68348,,,,,,,
1237671939804562469,6162,301,3,133,1061,3,258.1114957,64.04911494,22.93759,21.8802,21.80108,21.24911,22.16021,0.9379188,0.136558,0.1900722,0.1744842,1.267723,1.05739,0.07912,,,,,,,
1237671939804561498,6162,301,3,133,90,3,258.0840246,64.02361784,21.45423,19.21607,18.09112,17.68946,17.45138,0.1700388,0.01187092,0.00713957,0.007075869,0.01764565,2.23816,1.12495,,,,,,,
1237671939804562464,6162,301,3,133,1056,3,258.1205752,64.02468912,23.21804,22.61485,21.48027,21.0523,21.20373,0.6013152,0.1415008,0.07302409,0.07266945,0.3089092,0.60319,1.13458,,,,,,,
1237671939804561487,6162,301,3,133,79,3,258.0805372,64.03563339,18.7973,16.61937,15.65794,15.25005,15.01369,0.06324691,0.005006138,0.003522045,0.003521375,0.008463643,2.17793,0.96143,,,,,,,
1237671939804561468,6162,301,3,133,60,3,258.0964727,64.03252475,19.7303,17.55445,16.54338,16.11172,15.77803,0.04538322,0.005149777,0.003739001,0.003663469,0.006476356,2.17585,1.01107,,,,,,,
1237671939804561477,6162,301,3,133,69,3,258.1059818,64.02211399,19.59399,17.56877,16.65828,16.25899,15.98137,0.05088142,0.005511921,0.004071861,0.004047822,0.008382238,2.02522,0.91049,,,,,,,
1237671939804562546,6162,301,3,133,1138,3,258.1757201,64.03345853,22.78532,22.32227,20.95516,20.57208,19.84498,0.4981164,0.1281935,0.05480131,0.05640119,0.1153707,0.46305,1.36711,,,,,,,
1237671939804561483,6162,301,3,133,75,3,258.1336347,64.03855602,19.54234,17.63774,16.64294,16.20488,15.96245,0.0586761,0.006904202,0.004506823,0.004314322,0.009600071,1.9046,0.9948,,,,,,,
1237671939804562511,6162,301,3,133,1103,3,258.1476786,64.04145144,24.20058,22.57696,22.30717,22.19261,22.32752,1.396989,0.1723588,0.1914705,0.2492467,0.8373465,1.62362,0.26979,,,,,,,
1237671939804561517,6162,301,3,133,109,3,258.1365252,64.03521324,24.63618,22.22476,24.80215,24.36184,19.47807,1.067114,0.1059703,0.6255133,0.6255248,0.06213064,2.41142,-2.57739,,,,,,,
1237671939804562849,6162,301,3,133,1441,3,258.1530269,64.03231668,25.84992,22.92823,22.1569,21.65299,21.82074,0.8437575,0.2281168,0.1625603,0.1526579,0.6231333,2.92169,0.77133,,,,,,,
1237671939804561519,6162,301,3,133,111,3,258.1435661,64.0362505,24.95818,22.50206,21.27932,20.89582,21.03615,0.9616108,0.1278318,0.05756337,0.05775103,0.2377399,2.45612,1.22274,,,,,,,
1237671939804561478,6162,301,3,133,70,3,258.1176797,64.03110215,19.85384,17.83365,16.8333,16.3806,16.09036,0.06186623,0.006521916,0.004604185,0.004374964,0.009035381,2.02019,1.00035,,,,,,,
1237671939804561482,6162,301,3,133,74,3,258.099136,64.03649104,20.68708,18.47406,17.39498,17.07143,16.70388,0.09027161,0.008408885,0.005261503,0.005432393,0.01084295,2.21302,1.07908,,,,,,,
1237671939804561508,6162,301,3,133,100,3,258.1138825,64.03400458,22.73868,20.48427,19.62609,19.20306,19.02213,0.4288285,0.02956334,0.01829041,0.01756614,0.05121598,2.25441,0.85818,,,,,,,
1237671939804562077,6162,301,3,133,669,3,258.0922128,64.01364232,21.41927,19.97426,19.13306,18.71763,18.43279,0.1792126,0.02103666,0.0147798,0.01487534,0.04144791,1.44501,0.8412,,,,,,,
1237671939804562078,6162,301,3,133,670,3,258.0997158,64.01525529,21.88551,19.83963,19.02906,18.64077,18.37165,0.2754089,0.02031192,0.01447096,0.01471725,0.04097871,2.04588,0.81057,,,,,,,
1237671939804562481,6162,301,3,133,1073,3,258.1347425,64.0127524,21.71534,21.88883,21.4893,21.49402,21.63373,0.3677034,0.1613396,0.1626428,0.2455821,1.028912,-0.17349,0.39953,,,,,,,
1237671939804562483,6162,301,3,133,1075,3,258.133563,64.02147793,24.92206,22.507,21.7131,21.68058,21.43528,1.046033,0.1231234,0.08403277,0.117832,0.3470914,2.41506,0.7939,,,,,,,
1237671939804562461,6162,301,3,133,1053,3,258.1213381,64.019511,24.41075,22.76416,22.37125,21.97876,22.21412,1.127989,0.1594412,0.1574549,0.1600773,0.6075096,1.64659,0.39291,,,,,,,
1237671939804561934,6162,301,3,133,526,3,258.1269464,64.01659919,19.70537,17.59886,16.67216,16.23647,15.89557,0.05979078,0.00570106,0.004174533,0.00408345,0.008411564,2.10651,0.9267,,,,,,,
1237671939804562129,6162,301,3,133,721,3,258.1123223,64.01636484,21.24467,20.11961,19.24438,18.91433,18.76683,0.1893907,0.02839604,0.01914074,0.02048208,0.06604666,1.12506,0.87523,,,,,,,
1237671939804562130,6162,301,3,133,722,3,258.111495,64.01400279,21.22783,19.53854,19.16092,18.90908,18.94933,0.2605043,0.02270461,0.0239827,0.02848935,0.1197617,1.68929,0.37762,,,,,,,
1237671939804562462,6162,301,3,133,1054,3,258.1245436,64.01364983,24.30807,21.78448,21.90428,21.65981,23.35842,2.307276,0.1354353,0.2151657,0.2598221,1.373779,2.52359,-0.1198,,,,,,,
1237671939804562556,6162,301,3,133,1148,3,258.1880947,64.02513646,22.66711,21.32035,20.16092,19.7071,19.28218,0.4258262,0.05171352,0.02728001,0.0264975,0.06852746,1.34676,1.15943,,,,,,,
1237671939804562491,6162,301,3,133,1083,3,258.1421035,64.02316916,25.45368,22.44264,20.65522,20.07704,19.6185,0.9516985,0.131653,0.03968647,0.03497643,0.08857778,3.01104,1.78742,,,,,,,
1237671939804562502,6162,301,3,133,1094,3,258.1490126,64.02348538,23.5175,20.91019,20.07496,19.70166,19.53518,1.013807,0.04352153,0.03047288,0.03222691,0.1296175,2.60731,0.83523,,,,,,,
1237671939804561568,6162,301,3,133,160,3,258.1757457,64.01647101,22.23261,25.11438,24.80202,24.3618,19.06362,0.2260457,0.7059384,0.6984819,0.6661879,0.05208898,-2.88177,0.31236,,,,,,,
1237671939804561567,6162,301,3,133,159,3,258.1810547,64.01884694,21.33672,19.59355,18.69633,18.26828,18.20362,0.1523925,0.01527406,0.01032813,0.01008694,0.03114234,1.74317,0.89722,,,,,,,
1237671939804562555,6162,301,3,133,1147,3,258.1911847,64.01678675,24.0081,21.67329,21.07135,20.73155,20.58194,1.095098,0.06916077,0.05748021,0.06220506,0.2091879,2.33481,0.60194,,,,,,,
1237671939804562148,6162,301,3,133,740,3,258.1761321,64.02471659,21.25859,20.39747,19.8231,19.44871,19.35258,0.1163759,0.02329694,0.01919074,0.01945643,0.06298951,0.86112,0.57437,,,,,,,
1237671939804562980,6162,301,3,133,1572,3,258.1818917,64.02242167,23.45878,23.99034,22.74806,21.73081,20.84456,0.7881197,0.4775283,0.2420522,0.1432412,0.2573947,-0.53156,1.24228,,,,,,,
1237671939804562144,6162,301,3,133,736,3,258.166421,64.0271303,21.80516,20.80821,20.4429,20.17735,20.29056,0.2712035,0.0429205,0.04484616,0.05242237,0.2241372,0.99695,0.36531,,,,,,,
1237671939804562486,6162,301,3,133,1078,3,258.1383871,64.02026677,22.74749,21.86778,21.11765,20.79284,20.50256,0.4862132,0.08743088,0.06465575,0.07070871,0.2117173,0.87971,0.75013,,,,,,,
1237671939804562484,6162,301,3,133,1076,3,258.1390906,64.01626171,22.88052,21.9138,20.59947,20.15313,19.85289,0.442799,0.07638171,0.03441893,0.03359068,0.09633692,0.96672,1.31433,,,,,,,
1237671939804562503,6162,301,3,133,1095,3,258.1491522,64.02118384,25.81261,21.20354,20.52704,20.25367,19.99484,0.785316,0.0485031,0.03799687,0.04294563,0.1317755,4.60907,0.6765,,,,,,,
1237671939804562508,6162,301,3,133,1100,3,258.1534578,64.01574011,22.6234,21.99352,21.49658,21.26585,21.57011,0.4947548,0.111493,0.09935801,0.1190757,0.5722275,0.62988,0.49694,,,,,,,
1237671939804627849,6162,301,3,134,905,3,258.2920633,64.09381989,22.99052,21.01836,20.23965,19.84814,20.2762,0.7841781,0.05311022,0.03993778,0.04122617,0.2333717,1.97216,0.77871,,,,,,,
1237671939804627857,6162,301,3,134,913,3,258.3050609,64.08682922,21.33555,20.6572,20.1045,19.91743,19.86243,0.1736921,0.03713001,0.03267217,0.03964422,0.1490396,0.67835,0.5527,,,,,,,
1237671939804627710,6162,301,3,134,766,3,258.300527,64.09755242,21.3704,20.98958,20.43478,20.29423,19.89888,0.1685628,0.04613798,0.04084907,0.05268119,0.1430018,0.38082,0.5548,,,,,,,
1237671939804628524,6162,301,3,134,1580,3,258.3161089,64.09334249,22.65119,22.67028,22.31977,22.14038,21.29991,0.4933223,0.184763,0.1996842,0.2608931,0.458705,-0.01909,0.35051,,,,,,,
1237671939804627262,6162,301,3,134,318,3,258.2728129,64.09122342,19.86349,17.65395,16.6936,16.23898,15.89568,0.07111396,0.005972654,0.004293768,0.004152257,0.008639769,2.20954,0.96035,,,,,,,
1237671939804627829,6162,301,3,134,885,3,258.2771426,64.08859281,22.97816,22.20369,21.96242,21.59199,21.58572,0.4780433,0.09571632,0.1064922,0.1110789,0.4038938,0.77447,0.24127,,,,,,,
1237671939804627836,6162,301,3,134,892,3,258.2812625,64.08561327,24.46627,22.84772,22.01958,21.31198,22.26478,1.181994,0.1754159,0.1225805,0.09461069,0.664351,1.61855,0.82814,,,,,,,
1237671939804627835,6162,301,3,134,891,3,258.2827085,64.08333235,24.32201,22.39341,20.68974,19.56991,19.10938,1.851863,0.1831867,0.05992223,0.0331434,0.08526581,1.9286,1.70367,,,,,,,
1237671939804628431,6162,301,3,134,1487,3,258.2741653,64.08696353,25.43992,23.62617,22.34999,20.73221,19.81576,2.121552,0.7444224,0.3730115,0.1301456,0.22844,1.81375,1.27618,,,,,,,
1237671939804627834,6162,301,3,134,890,3,258.2808088,64.08362357,23.26117,22.02752,20.06586,19.27088,18.81806,0.6656738,0.09136104,0.02513901,0.01862,0.04581376,1.23365,1.96166,,,,,,,
1237671939804627842,6162,301,3,134,898,3,258.2895612,64.07357495,23.96636,22.87386,21.84586,21.5021,21.22956,1.143549,0.2029734,0.1183071,0.1276493,0.3860132,1.0925,1.028,,,,,,,
1237671939804627859,6162,301,3,134,915,3,258.305579,64.08448536,21.70484,19.72615,19.11915,18.65536,20.11168,2.036431,0.1211409,0.1087341,0.1071453,1.667224,1.97869,0.607,,,,,,,
1237671939804627339,6162,301,3,134,395,3,258.3091334,64.0792901,24.95755,24.9848,24.39766,22.44505,22.05209,1.050259,0.6402984,0.6456673,0.2280182,0.5554398,-0.02725,0.58714,,,,,,,
1237671939804627319,6162,301,3,134,375,3,258.3064934,64.07833582,23.03792,22.26908,21.29138,20.8521,20.72873,0.5985326,0.1187242,0.07242261,0.07189707,0.2500294,0.76884,0.9777,,,,,,,
1237671939804627850,6162,301,3,134,906,3,258.2997486,64.07698853,22.44241,22.04049,21.10991,20.66913,20.90615,0.6426927,0.1672397,0.1081771,0.1072477,0.5286148,0.40192,0.93058,,,,,,,
1237671939804628539,6162,301,3,134,1595,3,258.2951444,64.08448183,22.41743,23.03985,22.59624,21.83742,22.35268,0.3616849,0.230087,0.2304836,0.167568,0.794147,-0.62242,0.44361,,,,,,,
1237671939804627008,6162,301,3,134,64,3,258.2904218,64.05037671,24.72074,22.87446,22.26527,21.85021,22.71978,1.218723,0.189147,0.1551424,0.1556531,0.7962259,1.84628,0.60919,,,,,,,
1237671939804626965,6162,301,3,134,21,3,258.2899287,64.05339467,21.09865,18.94639,18.0063,17.55757,17.259,0.1312776,0.01040972,0.007143794,0.006870465,0.01628138,2.15226,0.94009,,,,,,,
1237671939804626998,6162,301,3,134,54,3,258.2856003,64.06006347,23.09475,21.46779,21.1787,21.02748,21.45072,0.653473,0.06230981,0.06854408,0.1014763,0.4754858,1.62696,0.28909,,,,,,,
1237671939804626992,6162,301,3,134,48,3,258.2940888,64.05538862,24.04055,22.29596,21.58512,21.26072,20.98039,1.067591,0.113287,0.08570375,0.09214456,0.2833471,1.74459,0.71084,,,,,,,
1237671939804627832,6162,301,3,134,888,3,258.2852276,64.06946156,22.97839,22.9996,21.33256,20.64762,20.19217,0.4424835,0.1760581,0.05834057,0.04542821,0.1189861,-0.02121,1.66704,,,,,,,
1237671939804627607,6162,301,3,134,663,3,258.2916528,64.06773147,21.14459,19.18382,18.3134,17.93523,17.6181,0.2303998,0.01704399,0.01195623,0.01222722,0.03331422,1.96077,0.87042,,,,,,,
1237671939804626987,6162,301,3,134,43,3,258.2975651,64.05779415,23.5171,21.83673,21.188,20.77485,21.39621,0.8036036,0.07739106,0.06188005,0.06201381,0.404457,1.68037,0.64873,,,,,,,
1237671939804628538,6162,301,3,134,1594,3,258.2977857,64.06200458,26.93361,20.21845,19.48748,18.32631,26.47335,4.136427,0.2174718,0.1757747,0.0918016,0.8209547,6.71516,0.73097,,,,,,,
1237671939804627847,6162,301,3,134,903,3,258.2968713,64.07392857,23.03995,21.08009,20.25221,19.93376,20.19973,1.672335,0.1091992,0.07813709,0.08682972,0.4445606,1.95986,0.82788,,,,,,,
1237671939804627321,6162,301,3,134,377,3,258.3018568,64.07171746,24.80997,23.84103,22.90046,21.77476,22.43234,0.9880344,0.3407114,0.2151188,0.1142742,0.5776048,0.96894,0.94057,,,,,,,
1237671939804627845,6162,301,3,134,901,3,258.2968973,64.0692831,23.29231,22.16685,22.25274,21.43339,22.83559,1.221051,0.1767835,0.2778221,0.1956513,1.461934,1.12546,-0.08589,,,,,,,
1237671939804627308,6162,301,3,134,364,3,258.3134186,64.07329144,18.3631,16.29896,15.37289,14.93959,14.60695,0.0329973,0.003619564,0.002798713,0.002735283,0.005135565,2.06414,0.92607,,,,,,,
1237671939804627346,6162,301,3,134,402,3,258.3097466,64.06775955,24.29933,24.8325,24.41432,23.16936,22.90226,1.073305,0.6463221,0.6550587,0.4002102,0.711211,-0.53317,0.41818,,,,,,,
1237671939804562125,6162,301,3,133,717,3,258.0095621,64.07093947,21.40333,20.33726,19.76728,19.34628,19.14699,0.1611004,0.02564347,0.02168433,0.02160678,0.06455997,1.06607,0.56998,,,,,,,
1237671939804561863,6162,301,3,133,455,3,258.0255658,64.05389454,21.63069,19.73771,18.90109,18.54704,18.26544,0.2839233,0.02270226,0.01607254,0.01687914,0.0457438,1.89298,0.83662,,,,,,,
1237671939804561862,6162,301,3,133,454,3,258.0291986,64.05549085,19.40644,17.42016,16.49575,16.06045,15.74148,0.04744278,0.005157641,0.003851535,0.003764012,0.007569985,1.98628,0.92441,,,,,,,
1237671939804562341,6162,301,3,133,933,3,258.0093174,64.06218523,23.03706,22.02943,21.59533,21.37045,21.00169,0.6616308,0.1074414,0.1020818,0.123506,0.3346077,1.00763,0.4341,,,,,,,
1237671939804562350,6162,301,3,133,942,3,258.0170095,64.0620005,22.14872,20.81705,20.13435,19.78362,19.50263,0.3939664,0.04665856,0.03723717,0.04047151,0.128709,1.33167,0.6827,,,,,,,
1237671939804562355,6162,301,3,133,947,3,258.0253327,64.05942922,21.8752,21.41045,20.29415,19.90655,19.67337,0.3049847,0.0757474,0.04208705,0.04420053,0.1393919,0.46475,1.1163,,,,,,,
1237671939804562372,6162,301,3,133,964,3,258.0340904,64.06355269,22.3679,20.8356,20.36666,20.20111,20.06952,0.3767678,0.03912649,0.03655324,0.04562046,0.1546488,1.5323,0.46894,,,,,,,
1237671939804562292,6162,301,3,133,884,3,257.9621054,64.08103335,23.04864,20.72274,19.89263,19.42106,19.31065,0.758338,0.03861496,0.02746785,0.02674576,0.091643,2.3259,0.83011,,,,,,,
1237671939804562285,6162,301,3,133,877,3,257.9610493,64.06825113,22.88283,22.93891,22.52405,22.19275,21.24495,0.4739033,0.1880753,0.1827803,0.2024636,0.3268867,-0.05608,0.41486,,,,,,,
1237671939804561763,6162,301,3,133,355,3,257.9512291,64.07522607,20.16015,18.20453,17.28326,16.86312,16.55273,0.1049226,0.008988603,0.006275507,0.006211901,0.0151629,1.95562,0.92127,,,,,,,
1237671939804561817,6162,301,3,133,409,3,257.983495,64.07797743,24.53271,23.91946,21.24906,20.44962,20.05585,1.517992,0.5391942,0.07896813,0.05746175,0.1571822,0.61325,2.6704,,,,,,,
1237671939804561818,6162,301,3,133,410,3,257.9830195,64.07765586,24.60721,23.51788,23.29388,23.40937,22.00704,1.204118,0.3035654,0.3458611,0.5119785,0.5512039,1.08933,0.224,,,,,,,
1237671939804562298,6162,301,3,133,890,3,257.9700857,64.07178946,24.71458,23.84825,24.77132,22.35553,21.72919,1.065317,0.3589968,0.6433068,0.2027115,0.4124759,0.86633,-0.92307,,,,,,,
1237671939804562296,6162,301,3,133,888,3,257.9682838,64.0726772,22.31157,21.59797,20.88177,20.69259,21.08467,0.2858274,0.05943362,0.04414767,0.05370722,0.2807668,0.7136,0.7162,,,,,,,
1237671939804562297,6162,301,3,133,889,3,257.9664436,64.07418391,23.56855,22.84346,22.04931,21.76593,21.73307,1.042667,0.2239963,0.159193,0.1823916,0.6235992,0.72509,0.79415,,,,,,,
1237671939804562299,6162,301,3,133,891,3,257.9694398,64.07444269,23.56366,25.47673,25.23115,24.58878,20.54699,0.9422626,0.7509211,0.7999519,0.835894,0.2108719,-1.91307,0.24558,,,,,,,
1237671939804562948,6162,301,3,133,1540,3,257.9662391,64.07592787,24.87855,24.83583,22.80887,21.32011,20.70455,1.074484,0.6183447,0.2123245,0.08593101,0.1899182,0.04272,2.02696,,,,,,,
1237671939804562747,6162,301,3,133,1339,3,257.9779721,64.04812205,23.63644,23.0843,22.0728,21.31054,20.84207,1.011639,0.2585083,0.1481094,0.1117033,0.2828575,0.55214,1.0115,,,,,,,
1237671939804561812,6162,301,3,133,404,3,257.9904795,64.05571961,19.55955,17.59653,16.65616,16.21423,15.87636,0.05116375,0.005559822,0.004095064,0.004005413,0.008104419,1.96302,0.94037,,,,,,,
1237671939804561428,6162,301,3,133,20,3,257.9904777,64.05201434,24.06429,22.62849,21.91044,21.6424,21.4042,0.9962778,0.1381106,0.1011043,0.1172365,0.3458906,1.4358,0.71805,,,,,,,
1237671939804562284,6162,301,3,133,876,3,257.9637451,64.06192448,23.17772,21.96618,21.53171,21.13148,21.19948,0.7261835,0.09960508,0.09874692,0.1010007,0.4018216,1.21154,0.43447,,,,,,,
1237671939804562286,6162,301,3,133,878,3,257.9668969,64.06000603,25.88326,22.10864,21.48143,21.14972,20.73367,0.6906732,0.09580556,0.077315,0.0845598,0.2240257,3.77462,0.62721,,,,,,,
1237671939804562307,6162,301,3,133,899,3,257.9790974,64.05764414,22.09921,20.61478,19.3318,18.67091,18.24308,0.4400745,0.04603211,0.04609514,0.01864435,0.0471084,1.48443,1.28298,,,,,,,
1237671939804561427,6162,301,3,133,19,3,257.9800698,64.05191606,23.77623,23.69301,22.65537,21.443,21.31261,0.8725659,0.3375443,0.1955196,0.0996783,0.3263362,0.08322,1.03764,,,,,,,
1237671939804561426,6162,301,3,133,18,3,257.9828822,64.05042918,24.20254,23.81301,20.79654,19.86673,19.47327,1.192181,0.4166124,0.04516124,0.03241227,0.077902,0.38953,3.01647,,,,,,,
1237671939804561767,6162,301,3,133,359,3,257.9604896,64.06504677,25.42009,23.79719,22.84501,21.98535,21.65917,0.8701897,0.3686036,0.2336966,0.1602687,0.4280728,1.6229,0.95218,,,,,,,
1237671939804562749,6162,301,3,133,1341,3,257.9802375,64.06314394,24.48573,23.06298,22.11454,22.0644,21.38432,1.400697,0.2434358,0.1577559,0.2203607,0.4448572,1.42275,0.94844,,,,,,,
1237671939804562338,6162,301,3,133,930,3,258.0069102,64.05879471,24.55116,22.19836,21.59602,21.66743,21.20945,1.557779,0.1265174,0.1063799,0.1666833,0.4241339,2.3528,0.60234,,,,,,,
1237671939804562327,6162,301,3,133,919,3,257.9997122,64.05742458,23.34245,21.94827,21.24221,21.19041,21.35032,0.8381658,0.09832856,0.0737443,0.102286,0.4385656,1.39418,0.70606,,,,,,,
1237671939804562952,6162,301,3,133,1544,3,257.9913474,64.06592705,23.88228,24.19551,22.72704,21.62399,21.02219,0.8759903,0.4573914,0.1949576,0.1091052,0.243126,-0.31323,1.46847,,,,,,,
1237671939804628288,6162,301,3,134,1344,3,258.2653122,64.09300077,22.35947,23.24042,22.32255,21.6076,21.09956,0.3022836,0.240539,0.1530819,0.1167284,0.2885976,-0.88095,0.91787,,,,,,,
1237671939804561634,6162,301,3,133,226,3,258.2218887,64.10297205,24.63619,22.62391,22.21373,21.50903,21.12452,1.04081,0.129968,0.1221429,0.0933641,0.262252,2.01228,0.41018,,,,,,,
1237671939804562907,6162,301,3,133,1499,3,258.2171281,64.10381969,25.14133,22.71528,21.91244,21.89738,21.02869,1.327832,0.1923636,0.1361278,0.1939559,0.3524682,2.42605,0.80284,,,,,,,
1237671939804562634,6162,301,3,133,1226,3,258.2223729,64.08635136,25.20303,22.63993,21.83879,21.21597,20.76683,1.047189,0.1481807,0.1038904,0.08578939,0.2238301,2.5631,0.80114,,,,,,,
1237671939804562656,6162,301,3,133,1248,3,258.2341862,64.08990078,23.27679,22.33197,21.49929,21.02577,20.44444,0.6004988,0.1062591,0.07117628,0.06638813,0.155658,0.94482,0.83268,,,,,,,
1237671939804562017,6162,301,3,133,609,3,258.2172678,64.09224988,21.35255,19.62024,18.77431,18.35564,18.08303,0.1734631,0.01646515,0.0117147,0.01161339,0.0318211,1.73231,0.84593,,,,,,,
1237671939804562020,6162,301,3,133,612,3,258.2181163,64.09036261,23.09244,21.36243,20.93374,20.62531,21.55463,0.7100579,0.06040806,0.05983212,0.07069612,0.5472191,1.73001,0.42869,,,,,,,
1237671939804562664,6162,301,3,133,1256,3,258.2420345,64.0941403,22.67407,22.59287,22.12969,22.02101,21.46349,0.3850159,0.1354602,0.1269873,0.1648588,0.3801995,0.0812,0.46318,,,,,,,
1237671939804562663,6162,301,3,133,1255,3,258.2389757,64.09540759,24.03384,24.6274,22.21852,21.22843,21.00473,1.136272,0.6859581,0.157483,0.09601433,0.3052477,-0.59356,2.40888,,,,,,,
1237671768542545125,6122,301,4,130,1253,3,258.1619367,64.11649891,23.13356,21.2823,20.60305,20.26567,20.21631,0.7927791,0.05890112,0.04736842,0.05226818,0.2372249,1.85126,0.67925,,,,,,,
1237671939804561574,6162,301,3,133,166,3,258.1567903,64.1135331,24.6629,23.03005,22.53093,21.95898,21.81161,1.098429,0.1893409,0.1705682,0.1461186,0.4516526,1.63285,0.49912,,,,,,,
1237671939804562573,6162,301,3,133,1165,3,258.1636851,64.11370052,24.0238,22.40571,21.56982,21.34994,21.27098,1.162345,0.1311486,0.08983556,0.1242642,0.3771853,1.61809,0.83589,,,,,,,
1237671939804561598,6162,301,3,133,190,3,258.1716485,64.10324348,24.58593,22.62541,21.57785,21.18878,22.39889,1.331539,0.1621202,0.09155492,0.09342748,0.773039,1.96052,1.04756,,,,,,,
1237671939804562557,6162,301,3,133,1149,3,258.1572771,64.10377127,23.0623,22.72331,22.05041,21.50591,21.51135,0.5441226,0.1561779,0.1224182,0.1090682,0.4098271,0.33899,0.6729,,,,,,,
1237671939804562615,6162,301,3,133,1207,3,258.2023874,64.10540868,25.36168,22.28237,21.71156,21.84658,21.45051,1.094659,0.119808,0.1048178,0.1712258,0.4592275,3.07931,0.57081,,,,,,,
1237671939804562886,6162,301,3,133,1478,3,258.1931873,64.10816261,26.23646,25.72153,22.47166,21.31595,20.39394,0.4388818,0.5140179,0.1520481,0.07905903,0.1396233,0.51493,3.24987,,,,,,,
1237671939804562877,6162,301,3,133,1469,3,258.1812157,64.10428702,23.86459,23.29881,22.392,22.26531,22.1873,0.9818242,0.2660839,0.1685307,0.2169801,0.6432077,0.56578,0.90681,,,,,,,
1237671939804561509,6162,301,3,133,101,3,258.1673832,64.07827017,24.68676,20.70541,20.10236,20.23874,19.80754,1.120564,0.03213321,0.02574848,0.03811752,0.0960158,3.98135,0.60305,,,,,,,
1237671939804562619,6162,301,3,133,1211,3,258.2142485,64.08445897,23.34617,22.79967,22.26254,21.96685,22.90944,0.688075,0.1690443,0.1498791,0.1660727,0.7398635,0.5465,0.53713,,,,,,,
1237671939804561597,6162,301,3,133,189,3,258.1707342,64.09558236,24.60722,24.59211,23.94919,23.5595,22.13213,2.699504,0.8771099,0.8163031,0.8276415,1.087701,0.01511,0.64292,,,,,,,
1237671939804562563,6162,301,3,133,1155,3,258.1666214,64.09289288,21.9128,20.08259,19.24467,18.85285,18.5955,0.2778735,0.02270421,0.01614174,0.01644134,0.04770178,1.83021,0.83792,,,,,,,
1237671939804561501,6162,301,3,133,93,3,258.1853528,64.08283126,21.34404,19.47066,18.51005,18.07613,17.8302,0.1533543,0.01416935,0.009316727,0.009049706,0.02314012,1.87338,0.96061,,,,,,,
1237671939804562874,6162,301,3,133,1466,3,258.1837225,64.08532371,24.16158,22.96314,22.42054,22.2004,21.80248,1.241554,0.2125791,0.1890365,0.2200534,0.5559618,1.19844,0.5426,,,,,,,
1237671939804561599,6162,301,3,133,191,3,258.168098,64.0962171,24.79972,25.14941,24.53086,22.7728,22.85363,1.073373,0.6261324,0.6505329,0.2909742,0.6610511,-0.34969,0.61855,,,,,,,
1237671939804561594,6162,301,3,133,186,3,258.1799856,64.09993611,23.17208,17.78147,18.14459,17.11811,24.46218,5.202634,0.03284647,0.05043818,0.02401474,3.126089,5.39061,-0.36312,,,,,,,
1237671939804562022,6162,301,3,133,614,3,258.2146766,64.09336231,24.77401,23.4339,22.467,23.68651,22.08488,1.21081,0.300602,0.1868207,0.6257881,0.6131573,1.34011,0.9669,,,,,,,
1237671939804562021,6162,301,3,133,613,3,258.2119803,64.09318178,25.43505,22.30751,21.35272,21.00606,21.6383,1.220257,0.1438927,0.08963156,0.09510194,0.6085529,3.12754,0.95479,,,,,,,
1237671939804562099,6162,301,3,133,691,3,258.1996718,64.09082733,21.4014,19.89276,19.04428,18.64377,18.31848,0.1672658,0.01857622,0.01313294,0.0131118,0.03477279,1.50864,0.84848,,,,,,,
1237671939804562100,6162,301,3,133,692,3,258.1963552,64.09134262,24.0844,21.21515,20.47963,20.16216,20.09166,1.391405,0.05532457,0.04244106,0.04663164,0.1680096,2.86925,0.73552,,,,,,,
1237671939804561595,6162,301,3,133,187,3,258.1867043,64.10229261,23.66233,25.11458,21.07404,20.84664,20.16648,0.8067019,0.6912415,0.05210014,0.06067339,0.1256927,-1.45225,4.04054,,,,,,,
1237671939804562890,6162,301,3,133,1482,3,258.2045179,64.09602876,25.37703,24.74622,22.50771,23.47221,22.71451,0.8560792,0.5807198,0.162284,0.4674597,0.6365938,0.63081,2.23851,,,,,,,
1237671939804562594,6162,301,3,133,1186,3,258.1891793,64.10007976,22.34171,22.57157,21.66645,21.4752,21.07323,0.3607306,0.16791,0.120453,0.1340254,0.3732919,-0.22986,0.90512,,,,,,,
1237671768542545372,6122,301,4,130,1500,3,258.0444984,64.14079605,22.83668,23.70397,21.38711,20.25996,19.80063,0.6284132,0.4721384,0.0930477,0.05301154,0.1659495,-0.86729,2.31686,,,,,,,
1237671768542544246,6122,301,4,130,374,3,258.0429138,64.12842963,25.41876,22.78761,21.97072,20.68032,19.89227,1.035803,0.1795229,0.1264584,0.06292615,0.1518832,2.63115,0.81689,,,,,,,
1237671768542544245,6122,301,4,130,373,3,258.0386461,64.1293653,23.57755,21.91271,20.978,20.55438,20.06197,0.9495421,0.0892528,0.05678621,0.05923939,0.1776564,1.66484,0.93471,,,,,,,
1237671768542544956,6122,301,4,130,1084,3,258.0643548,64.1319697,22.69275,22.41934,21.8784,22.35902,22.40107,0.4302619,0.123051,0.1051462,0.2411414,0.8851983,0.27341,0.54094,,,,,,,
1237671768542545380,6122,301,4,130,1508,3,258.0581445,64.13739691,23.32581,23.69137,22.5663,23.18105,21.06156,0.6664493,0.3368042,0.1845784,0.4453863,0.3531919,-0.36556,1.12507,,,,,,,
1237671768542544922,6122,301,4,130,1050,3,258.0446555,64.13654861,23.357,21.40221,20.59868,20.19804,19.9163,0.8126439,0.05687582,0.04177608,0.04387254,0.1577303,1.95479,0.80353,,,,,,,
1237671768542544949,6122,301,4,130,1077,3,258.0600547,64.13485396,23.33106,22.67479,21.92959,20.9298,20.9504,0.8481306,0.1804635,0.1402911,0.08968168,0.417113,0.65627,0.7452,,,,,,,
1237671939804562418,6162,301,3,133,1010,3,258.0477404,64.10781822,23.09692,21.48907,21.323,21.00307,20.96642,0.6396651,0.06084039,0.07498609,0.0821235,0.3056345,1.60785,0.16607,,,,,,,
1237671768542545374,6122,301,4,130,1502,3,258.0571043,64.1088897,26.55548,23.47834,21.95399,21.3724,21.30358,0.6039196,0.4491344,0.1731114,0.1561556,0.696108,3.07714,1.52435,,,,,,,
1237671768542544268,6122,301,4,130,396,3,258.06988,64.11714657,23.56616,23.06307,23.07075,21.99144,22.41101,0.6865374,0.1759407,0.2257927,0.136131,0.7036956,0.50309,-0.00768,,,,,,,
1237671768542544910,6122,301,4,130,1038,3,258.0450055,64.1165179,22.159,21.58808,20.84645,20.65189,20.19411,0.2917439,0.06526737,0.0491716,0.06294775,0.1971702,0.57092,0.74163,,,,,,,
1237671768542544267,6122,301,4,130,395,3,258.0639667,64.1161807,20.2032,18.65379,18.26983,18.06306,17.8627,0.1269872,0.01326855,0.013944,0.01687103,0.06108952,1.54941,0.38396,,,,,,,
1237671768542545370,6122,301,4,130,1498,3,258.0538417,64.11181693,26.30314,24.82901,22.44873,21.57503,21.01566,0.4605365,0.6153354,0.1589753,0.1127559,0.328022,1.47413,2.38028,,,,,,,
1237671768542544540,6122,301,4,130,668,3,258.0687107,64.11241654,22.00015,22.2914,21.54781,21.5934,21.60337,0.2497714,0.1122612,0.08299908,0.1294421,0.5886862,-0.29125,0.74359,,,,,,,
1237671768542545574,6122,301,4,130,1702,3,258.1285265,64.11873806,23.21571,23.58656,22.72813,21.09315,20.88396,0.6718829,0.3312786,0.2280368,0.0981673,0.3338321,-0.37085,0.85843,,,,,,,
1237671768542545007,6122,301,4,130,1135,3,258.0969259,64.12685761,22.34822,20.54603,19.77987,19.30989,19.16504,0.4095437,0.03216719,0.02467934,0.02457542,0.09673741,1.80219,0.76616,,,,,,,
1237671768542545006,6122,301,4,130,1134,3,258.1008853,64.12815987,21.6851,19.93079,19.187,18.8594,18.58546,0.2635059,0.02210463,0.01797061,0.01995442,0.07331365,1.75431,0.74379,,,,,,,
1237671768542545404,6122,301,4,130,1532,3,258.1087138,64.11497699,24.34976,23.53981,22.73382,22.76035,22.58088,1.081317,0.2761298,0.1898044,0.2851909,0.8158289,0.80995,0.80599,,,,,,,
1237671768542544987,6122,301,4,130,1115,3,258.0920972,64.11614054,22.37181,22.32462,21.64635,21.44132,20.31357,0.4447504,0.1524849,0.1309098,0.1728335,0.2816198,0.04719,0.67827,,,,,,,
1237671768542545396,6122,301,4,130,1524,3,258.0920606,64.12139244,26.41231,22.96488,22.25848,21.58113,21.01189,0.473477,0.2008644,0.1615201,0.1334504,0.3769442,3.44743,0.7064,,,,,,,
1237671768542545392,6122,301,4,130,1520,3,258.0866996,64.12045466,22.54692,23.28276,22.36186,22.11377,21.69295,0.335895,0.2294496,0.138494,0.1675686,0.5368967,-0.73584,0.9209,,,,,,,
1237671768542545397,6122,301,4,130,1525,3,258.0889849,64.13023211,24.69682,23.03688,21.81935,21.48667,21.27369,1.294762,0.211395,0.1053545,0.1211048,0.4584685,1.65994,1.21753,,,,,,,
1237671768542545379,6122,301,4,130,1507,3,258.0646941,64.1198809,25.80692,23.95813,22.53285,21.77612,20.91809,0.7170509,0.4153615,0.1775339,0.1405153,0.3163249,1.84879,1.42528,,,,,,,
1237671768542545378,6122,301,4,130,1506,3,258.0607112,64.12684476,23.65466,23.49981,22.75791,22.60899,22.21367,0.7785063,0.2698688,0.1930995,0.2546881,0.7145396,0.15485,0.7419,,,,,,,
1237671939804561500,6162,301,3,133,92,3,258.0853551,64.06477133,24.39392,23.22038,18.99692,19.36058,18.09577,1.085707,0.2285821,0.01118145,0.01844704,0.02319403,1.17354,4.22346,,,,,,,
1237671939804561471,6162,301,3,133,63,3,258.0660041,64.07257667,19.71658,17.58377,16.64898,16.19922,15.90152,0.05016625,0.005231494,0.003933497,0.003812487,0.007439288,2.13281,0.93479,,,,,,,
1237671939804561499,6162,301,3,133,91,3,258.128664,64.08476453,20.96644,18.86687,18.08221,17.69356,17.5133,0.1168099,0.009900302,0.007427229,0.007368356,0.01900529,2.09957,0.78466,,,,,,,
1237671939804563009,6162,301,3,133,1601,3,258.1039922,64.09022037,25.52588,23.99396,25.67047,23.02476,20.4825,0.7470111,0.379918,0.4565479,0.3281511,0.1500989,1.53192,-1.67651,,,,,,,
1237671939804562079,6162,301,3,133,671,3,258.0716004,64.08871683,21.69815,20.0406,19.25531,18.83188,18.57037,0.2118525,0.02099895,0.0154156,0.01532112,0.04343246,1.65755,0.78529,,,,,,,
1237671939804562823,6162,301,3,133,1415,3,258.0687287,64.09163841,24.5072,23.53512,22.28755,21.99273,21.46462,1.216958,0.3154725,0.1537261,0.1722462,0.4051874,0.97208,1.24757,,,,,,,
1237671939804561491,6162,301,3,133,83,3,258.1097797,64.08211975,21.05589,18.8184,17.84799,17.4003,17.11871,0.1178527,0.00911441,0.006221281,0.005945648,0.01355144,2.23749,0.97041,,,,,,,
1237671939804562433,6162,301,3,133,1025,3,258.0697644,64.07947052,24.73733,22.46079,21.54326,21.21227,20.61023,1.445628,0.1517178,0.09686321,0.1057204,0.2358642,2.27654,0.91753,,,,,,,
1237671939804562966,6162,301,3,133,1558,3,258.0663108,64.08026489,26.76739,22.44172,21.74644,20.87281,20.93295,0.8392203,0.3019803,0.2415208,0.1635941,0.6748859,4.32567,0.69528,,,,,,,
1237671939804561496,6162,301,3,133,88,3,258.0811516,64.07848141,21.33008,19.31363,18.31467,17.87795,17.57443,0.1375293,0.01207494,0.00793219,0.007659929,0.01770129,2.01645,0.99896,,,,,,,
1237671939804562445,6162,301,3,133,1037,3,258.0886679,64.08331727,22.18938,20.0135,19.17663,18.79164,18.62058,0.4225015,0.02558213,0.01816002,0.0184739,0.05797008,2.17588,0.83687,,,,,,,
1237671939804562479,6162,301,3,133,1071,3,258.1035903,64.09291371,23.81139,21.50584,21.25512,20.98924,20.35446,1.505094,0.08474655,0.101608,0.118804,0.2665053,2.30555,0.25072,,,,,,,
1237671939804562471,6162,301,3,133,1063,3,258.0969983,64.09831743,23.6686,21.66004,20.05083,19.21977,18.89937,0.812529,0.06192256,0.02299304,0.01676837,0.0444138,2.00856,1.60921,,,,,,,
1237671939804562444,6162,301,3,133,1036,3,258.0798344,64.10616692,21.73761,19.96164,19.14851,18.7304,18.42285,0.2674381,0.02333821,0.01673003,0.01668762,0.04554465,1.77597,0.81313,,,,,,,
1237671939804562831,6162,301,3,133,1423,3,258.0836508,64.10156117,25.04427,22.825,21.90652,21.77703,21.60305,1.372581,0.2089133,0.1359355,0.1768567,0.557501,2.21927,0.91848,,,,,,,
1237671939804561523,6162,301,3,133,115,3,258.1644686,64.07767303,23.5182,21.52802,20.98033,20.65587,20.64085,0.6945649,0.055757,0.04641277,0.04863781,0.1769177,1.99018,0.54769,,,,,,,
1237671939804561481,6162,301,3,133,73,3,258.157927,64.08875921,20.49239,18.46602,17.57934,17.12905,16.86995,0.07397253,0.007582201,0.005570982,0.005395194,0.01160764,2.02637,0.88668,,,,,,,
1237671939804562844,6162,301,3,133,1436,3,258.117111,64.09009766,27.63492,22.30247,21.36446,20.96785,21.72278,0.4110819,0.2778205,0.185048,0.1860511,1.375607,5.33245,0.93801,,,,,,,
1237671939804562505,6162,301,3,133,1097,3,258.1231369,64.08943686,22.52592,20.78039,20.39063,19.9759,19.96902,0.7728184,0.06217901,0.06475758,0.06589234,0.2578903,1.74553,0.38976,,,,,,,
1237671939804562519,6162,301,3,133,1111,3,258.1343669,64.090497,22.46348,21.87496,21.26852,20.88714,20.7752,0.3287613,0.07352278,0.06016811,0.06136766,0.2130007,0.58852,0.60644,,,,,,,
1237671939804561485,6162,301,3,133,77,3,258.1502171,64.08553735,20.88361,18.52987,17.63463,17.18554,16.90785,0.1044329,0.007956354,0.005781264,0.005576731,0.0122202,2.35374,0.89524,,,,,,,
1237671768542545619,6122,301,4,130,1747,3,258.1294974,64.11538661,21.65864,22.78107,21.19421,21.67186,20.94909,0.4717393,0.4618046,0.173183,0.4846707,1.079946,-1.12243,1.58686,,,,,,,
1237671939804561573,6162,301,3,133,165,3,258.1467905,64.11470922,23.32878,22.60419,21.50209,20.93608,20.56602,0.7234951,0.1473959,0.08065836,0.07071719,0.197826,0.72459,1.1021,,,,,,,
1237671939804561948,6162,301,3,133,540,3,258.1195762,64.10908254,18.59705,17.76956,17.47699,17.18064,17.12197,0.02384329,0.005790633,0.005766705,0.00604723,0.01644539,0.82749,0.29257,,,,,,,
1237671939804562499,6162,301,3,133,1091,3,258.1135778,64.11150039,24.08222,21.91313,21.46226,21.12896,20.44758,1.303302,0.09326805,0.09098017,0.0997093,0.2124738,2.16909,0.45087,,,,,,,
1237671939804562541,6162,301,3,133,1133,3,258.1363098,64.11207044,25.36977,21.4628,20.62842,20.24328,20.0799,1.043073,0.05731466,0.039669,0.04063259,0.1339338,3.90697,0.83438,,,,,,,
1237671939804561973,6162,301,3,133,565,3,258.150117,64.09912732,22.11217,20.15945,19.43453,19.0403,18.76208,0.3007493,0.02254246,0.017302,0.01751146,0.05011204,1.95272,0.72492,,,,,,,
1237671939804561965,6162,301,3,133,557,3,258.1380622,64.09575809,25.39551,20.42264,19.58257,19.20657,18.97715,1.102221,0.02707241,0.01848093,0.01867853,0.05473619,4.97287,0.84007,,,,,,,
1237671939804561964,6162,301,3,133,556,3,258.1419637,64.09718655,18.69307,17.84919,17.73399,17.48569,17.51472,0.02258424,0.005606221,0.006102856,0.006570334,0.02033922,0.84388,0.1152,,,,,,,
1237671939804562485,6162,301,3,133,1077,3,258.1095941,64.09340557,23.70106,22.34153,21.6958,21.70668,21.66451,1.065835,0.1370542,0.1130229,0.1673682,0.5879207,1.35953,0.64573,,,,,,,
1237671939804561946,6162,301,3,133,538,3,258.1211659,64.09653505,20.80324,18.97626,18.10119,17.68068,17.3371,0.1160909,0.01117278,0.007905812,0.007744734,0.01839074,1.82698,0.87507,,,,,,,
1237671939804562500,6162,301,3,133,1092,3,258.120833,64.09326051,25.33561,22.57719,22.40158,22.15136,23.17128,0.8787574,0.1275381,0.1508842,0.1732153,0.6192547,2.75842,0.17561,,,,,,,
1237671939804562495,6162,301,3,133,1087,3,258.1139232,64.0990389,22.91893,22.21934,22.02698,21.88696,22.84026,0.6731097,0.1379296,0.164678,0.2106679,1.022657,0.69959,0.19236,,,,,,,
1237671939804562518,6162,301,3,133,1110,3,258.1298221,64.09765548,26.27673,22.64124,22.32258,22.84719,21.8821,0.6438045,0.1898632,0.2019817,0.452762,0.6937111,3.63549,0.31866,,,,,,,
1237671768542544216,6122,301,4,130,344,3,257.980541,64.14175812,19.89911,18.37615,17.51081,17.08795,16.775,0.08734721,0.009626696,0.007317014,0.007454473,0.02208764,1.52296,0.86534,,,,,,,
1237671768542545339,6122,301,4,130,1467,3,257.9918511,64.14463582,25.90808,23.21839,22.51242,22.13581,20.89257,0.6209532,0.2245856,0.1664005,0.1805384,0.2927537,2.68969,0.70597,,,,,,,
1237671768542545540,6122,301,4,130,1668,3,257.9886886,64.14717939,23.27392,23.41759,23.06224,21.82922,21.41121,0.6630083,0.2732649,0.2789752,0.1459567,0.4643959,-0.14367,0.35535,,,,,,,
1237671768542544237,6122,301,4,130,365,3,258.0200114,64.14522574,19.57901,17.76373,16.88235,16.46446,16.16225,0.06203061,0.006529275,0.005018086,0.00495615,0.01245433,1.81528,0.88138,,,,,,,
1237671768542544239,6122,301,4,130,367,3,258.0286354,64.14219901,19.6608,17.98673,17.41494,16.97065,16.74574,0.0499794,0.006431109,0.0210136,0.005612716,0.01455422,1.67407,0.57179,,,,,,,
1237671768542544875,6122,301,4,130,1003,3,258.0169999,64.1419885,23.73154,22.80486,22.62306,22.77068,22.2283,0.7672001,0.1451139,0.1635213,0.2738869,0.6736422,0.92668,0.1818,,,,,,,
1237671768542544838,6122,301,4,130,966,3,257.9963154,64.14170227,24.22253,22.99233,22.09969,22.03224,21.86681,0.9832752,0.1753591,0.1057554,0.148394,0.5602759,1.2302,0.89264,,,,,,,
1237671768542544837,6122,301,4,130,965,3,257.9950037,64.14061226,22.28431,20.66748,19.8981,19.4552,19.58028,0.5865487,0.0506741,0.04117277,0.04194935,0.2138981,1.61683,0.76938,,,,,,,
1237671768542544836,6122,301,4,130,964,3,257.9981834,64.1397249,21.39875,19.88986,19.21819,18.91101,18.63614,0.2534078,0.02603316,0.02166034,0.02466956,0.084158,1.50889,0.67167,,,,,,,
1237671768542545338,6122,301,4,130,1466,3,257.9913025,64.13604068,24.96294,23.72408,22.38371,21.40108,21.23161,1.30077,0.3987973,0.1775186,0.1154133,0.4677,1.23886,1.34037,,,,,,,
1237671768542544865,6122,301,4,130,993,3,258.0098992,64.13932003,23.64752,23.74916,22.60265,21.88659,22.14841,0.7664092,0.3252145,0.1698624,0.1355525,0.6745275,-0.10164,1.14651,,,,,,,
1237671768542544799,6122,301,4,130,927,3,257.9809446,64.12194341,21.23408,20.0831,19.68246,19.39082,18.96328,0.1877086,0.02543039,0.02753609,0.03348025,0.09512033,1.15098,0.40064,,,,,,,
1237671768542545360,6122,301,4,130,1488,3,258.0354102,64.12475685,24.80724,24.64867,22.30969,20.98234,20.07224,1.142219,0.5985982,0.1405333,0.06790841,0.147576,0.15857,2.33898,,,,,,,
1237671768542543952,6122,301,4,130,80,3,258.0189805,64.12159971,24.51094,24.99467,25.24941,22.79918,23.4447,1.190451,0.6736078,0.6369324,0.3283989,0.7926446,-0.48373,-0.25474,,,,,,,
1237671768542543954,6122,301,4,130,82,3,258.0122933,64.11502277,24.90063,23.97421,23.7022,22.59568,22.7391,1.002064,0.3795013,0.4041961,0.2373087,0.785333,0.92642,0.27201,,,,,,,
1237671768542543946,6122,301,4,130,74,3,258.0148265,64.11632375,24.49774,23.59731,22.4798,21.81443,23.19212,1.120703,0.3019255,0.1620387,0.1359892,0.81087,0.90043,1.11751,,,,,,,
1237671768542544862,6122,301,4,130,990,3,258.0184573,64.11277605,23.69974,24.62862,22.89774,21.29539,22.30359,0.8780231,0.6179253,0.2339251,0.08990529,0.8155696,-0.92888,1.73088,,,,,,,
1237671768542543956,6122,301,4,130,84,3,257.9973837,64.12236476,23.86178,25.15644,24.42161,22.65536,22.46517,1.055681,0.7649018,0.8268647,0.3091326,0.9951879,-1.29466,0.73483,,,,,,,
1237671768542543941,6122,301,4,130,69,3,257.9935497,64.12043668,23.90319,22.55871,21.4731,21.18887,20.47331,0.9277815,0.1275492,0.06899451,0.08200644,0.2047902,1.34448,1.08561,,,,,,,
1237671768542543942,6122,301,4,130,70,3,258.0088543,64.12935312,24.28682,21.92609,21.27806,20.93679,22.00731,1.191354,0.08018818,0.06510537,0.07210045,0.7437709,2.36073,0.64803,,,,,,,
1237671768542543938,6122,301,4,130,66,3,258.0138508,64.1232142,24.63465,23.64077,21.51935,20.73038,22.82689,1.045793,0.3321947,0.06819868,0.05023618,0.7755605,0.99388,2.12142,,,,,,,
1237671768542543953,6122,301,4,130,81,3,258.0108004,64.12648757,25.18119,24.72113,24.68165,22.58074,23.97017,1.003021,0.6096075,0.6564583,0.2676625,0.5480378,0.46006,0.03948,,,,,,,
1237671768542543947,6122,301,4,130,75,3,258.0221323,64.12391709,23.47948,25.18145,24.11865,22.10255,22.08739,0.6937841,0.6041915,0.5213268,0.1677181,0.6705864,-1.70197,1.0628,,,,,,,
1237671768542543943,6122,301,4,130,71,3,258.0224462,64.12578347,24.32772,24.50583,22.35169,21.44412,22.12986,1.01747,0.5201875,0.1338477,0.09069392,0.6675309,-0.17811,2.15414,,,,,,,
1237671768542544811,6122,301,4,130,939,3,257.9850698,64.13385075,22.28022,20.14752,19.28014,18.89829,18.71421,0.4207803,0.02604317,0.01835175,0.01929734,0.07093122,2.1327,0.86738,,,,,,,
1237671768542545539,6122,301,4,130,1667,3,257.9903035,64.12890026,26.01983,23.49486,23.03505,22.18122,22.25088,0.5454408,0.2682507,0.2438647,0.1777492,0.7175745,2.52497,0.45981,,,,,,,
1237671939804561879,6162,301,3,133,471,3,258.0391384,64.06640276,20.62337,19.01636,18.10757,17.71852,17.42937,0.1001742,0.0116951,0.008075494,0.008078651,0.02010643,1.60701,0.90879,,,,,,,
1237671939804561880,6162,301,3,133,472,3,258.0450822,64.06606937,24.32967,22.71788,21.12364,20.65059,20.33583,0.9997848,0.1397874,0.04848766,0.04572821,0.1297292,1.61179,1.59424,,,,,,,
1237671939804563026,6162,301,3,133,1618,3,258.0560139,64.07220145,21.25694,26.49202,22.546,20.16457,21.88204,0.4879043,1.574237,0.8650054,0.1503189,2.523373,-5.23508,3.94602,,,,,,,
1237671939804562385,6162,301,3,133,977,3,258.0340838,64.07528664,22.81371,21.7046,20.96657,20.6092,20.39286,0.5124942,0.07472813,0.05626963,0.06021909,0.1893345,1.10911,0.73803,,,,,,,
1237671939804561892,6162,301,3,133,484,3,258.047339,64.07199236,24.0986,20.1825,19.63042,19.20312,19.40381,3.249625,0.0474019,0.04415709,0.04459772,0.2111589,3.9161,0.55208,,,,,,,
1237671939804561891,6162,301,3,133,483,3,258.0483123,64.07296209,21.93319,21.46792,20.83274,20.72446,20.40917,0.2200685,0.05752981,0.04573737,0.05938681,0.1696186,0.46527,0.63518,,,,,,,
1237671939804561894,6162,301,3,133,486,3,258.0451102,64.07103662,21.90253,21.88239,21.34235,21.62206,21.2754,0.1926982,0.0774866,0.06521009,0.1182019,0.308889,0.02014,0.54004,,,,,,,
1237671939804561890,6162,301,3,133,482,3,258.043342,64.07031408,21.09824,19.0564,18.15462,17.73128,17.40137,0.1343638,0.0112874,0.0078523,0.007685175,0.01798533,2.04184,0.90178,,,,,,,
1237671939804562075,6162,301,3,133,667,3,258.0432453,64.10238957,21.87744,20.01464,19.1762,18.78424,18.55005,0.2845736,0.02291161,0.01615953,0.01628071,0.0475606,1.8628,0.83844,,,,,,,
1237671939804561897,6162,301,3,133,489,3,258.0334743,64.09738313,19.9445,18.11538,17.24741,16.83212,16.52064,0.06488913,0.007188361,0.005291835,0.005189254,0.01161347,1.82912,0.86797,,,,,,,
1237671939804562411,6162,301,3,133,1003,3,258.0487836,64.09528108,25.42744,22.33096,20.7117,19.82662,19.38513,1.018716,0.1231329,0.04346387,0.02978024,0.07665982,3.09648,1.61926,,,,,,,
1237671939804562379,6162,301,3,133,971,3,258.0212571,64.09698673,24.07009,21.76297,21.07576,20.98021,20.40124,1.47934,0.09270142,0.07422362,0.1008796,0.2376089,2.30712,0.68721,,,,,,,
1237671939804562406,6162,301,3,133,998,3,258.0442619,64.09126467,24.81314,21.58071,20.69556,20.30512,20.44992,1.541575,0.07479043,0.05034773,0.05253819,0.2320545,3.23243,0.88515,,,,,,,
1237671939804562395,6162,301,3,133,987,3,258.0387541,64.08795512,22.3414,21.98943,21.5381,21.35523,21.56249,0.3657994,0.1009095,0.09585227,0.118976,0.5221359,0.35197,0.45133,,,,,,,
1237671939804561876,6162,301,3,133,468,3,258.0270879,64.08900215,20.48564,18.81302,17.91183,17.4824,17.17163,0.08547954,0.009962434,0.007010646,0.006839408,0.01601118,1.67262,0.90119,,,,,,,
1237671939804562405,6162,301,3,133,997,3,258.0434915,64.09249901,22.3237,21.31194,20.10527,19.60759,19.15604,0.3598967,0.05662675,0.0291968,0.02755906,0.07051342,1.01176,1.20667,,,,,,,
1237671939804562302,6162,301,3,133,894,3,257.96517,64.08646525,24.68397,22.93414,22.10374,21.2832,22.31946,1.052662,0.1692177,0.1117325,0.07966329,0.5737157,1.74983,0.8304,,,,,,,
1237671939804561816,6162,301,3,133,408,3,257.9801213,64.07931109,20.84968,18.89751,17.98728,17.57244,17.31767,0.1072271,0.01002745,0.007047761,0.00693847,0.01662731,1.95217,0.91023,,,,,,,
1237671939804562326,6162,301,3,133,918,3,257.9914454,64.07913859,23.00624,21.50177,20.87476,20.5177,20.13625,0.7079149,0.07241555,0.06062714,0.06753382,0.1825808,1.50447,0.62701,,,,,,,
1237671939804561832,6162,301,3,133,424,3,257.9916105,64.09273527,22.76271,21.6903,21.0847,20.72988,20.69498,0.3953581,0.06107268,0.0488608,0.0514286,0.1883348,1.07241,0.6056,,,,,,,
1237671939804561830,6162,301,3,133,422,3,257.9918715,64.08915099,18.85739,16.83767,15.92575,15.47749,15.12584,0.03455662,0.004136099,0.003252046,0.003161851,0.005716679,2.01972,0.91192,,,,,,,
1237671939804561831,6162,301,3,133,423,3,257.9871031,64.08474983,20.37625,19.17316,18.84232,18.62476,18.68751,0.1111117,0.01585524,0.01689644,0.0206719,0.08386812,1.20309,0.33084,,,,,,,
1237671939804562316,6162,301,3,133,908,3,257.9755998,64.08474695,25.34402,24.97024,22.48726,21.91694,21.82664,0.817342,0.5853356,0.1501058,0.1322899,0.4223525,0.37378,2.48298,,,,,,,
1237671939804562315,6162,301,3,133,907,3,257.9758157,64.08321374,22.73014,21.72817,20.71554,20.46775,20.04764,0.4804562,0.0764205,0.04572567,0.05327749,0.1534011,1.00197,1.01263,,,,,,,
1237671939804563023,6162,301,3,133,1615,3,258.0112167,64.09023748,24.25805,23.80723,23.00612,21.69072,21.54778,1.429284,0.486452,0.3515547,0.1631777,0.5466946,0.45082,0.80111,,,,,,,
1237671939804562346,6162,301,3,133,938,3,258.007956,64.0755831,23.2383,22.03825,21.73753,21.2626,22.24453,0.6414431,0.08801232,0.0938107,0.08955523,0.6362655,1.20005,0.30072,,,,,,,
1237671939804562371,6162,301,3,133,963,3,258.0279377,64.07794118,22.83705,21.63128,20.91442,20.57565,20.19128,0.4437432,0.06167889,0.04580643,0.04868054,0.13072,1.20577,0.71686,,,,,,,
1237671939804562076,6162,301,3,133,668,3,258.0530819,64.08207489,21.21487,19.46928,18.69085,18.32275,18.1463,0.1832841,0.01649351,0.01243031,0.01293606,0.03952264,1.74559,0.77843,,,,,,,
1237671939804562400,6162,301,3,133,992,3,258.0455028,64.0830557,25.23433,22.0606,21.10995,20.59117,20.69947,1.327333,0.1104994,0.0701392,0.06534409,0.277076,3.17373,0.95065,,,,,,,
1237671939804562386,6162,301,3,133,978,3,258.0336337,64.0815486,23.62669,21.64089,21.06423,20.87317,20.53443,1.119317,0.08058194,0.07135871,0.08916394,0.2533884,1.9858,0.57666,,,,,,,
1237671939804562362,6162,301,3,133,954,3,258.0173894,64.08682368,23.99676,21.45782,20.22326,19.77779,19.50305,0.9534926,0.05170752,0.02556725,0.024777,0.07047389,2.53894,1.23456,,,,,,,
1237671939804562278,6162,301,3,133,870,3,257.9485412,64.08888126,24.4069,22.73849,22.65762,22.21255,22.65214,1.039737,0.1434902,0.1805622,0.180929,0.634321,1.66841,0.08087,,,,,,,
1237671939804562294,6162,301,3,133,886,3,257.9585263,64.09324148,24.73417,22.16908,21.42778,21.08842,20.9324,1.418692,0.1126402,0.08411518,0.09304421,0.3076351,2.56509,0.7413,,,,,,,
1237671939804562312,6162,301,3,133,904,3,257.9668508,64.09863166,27.10412,21.10674,20.30416,19.83478,19.6909,0.3877359,0.06051631,0.0434701,0.04229266,0.1571142,5.99738,0.80258,,,,,,,
1237671939804562317,6162,301,3,133,909,3,257.9714716,64.09698532,26.28882,21.45283,20.58509,20.22268,19.84017,1.072384,0.1064661,0.07213547,0.07826202,0.2205974,4.83599,0.86774,,,,,,,
1237671939804562301,6162,301,3,133,893,3,257.9588839,64.10107177,22.59185,22.23547,22.0713,21.34604,20.6484,0.4929282,0.1327576,0.1630623,0.1266689,0.2671101,0.35638,0.16417,,,,,,,
1237671939804562274,6162,301,3,133,866,3,257.9427053,64.09830749,22.14132,21.37783,20.70844,20.3822,20.19786,0.3524351,0.0668153,0.0542972,0.06007729,0.1996498,0.76349,0.66939,,,,,,,
1237671939804562287,6162,301,3,133,879,3,257.9536622,64.09452598,22.12202,21.28701,21.30349,20.86076,20.73955,0.2144344,0.04127049,0.05324221,0.05170799,0.1742563,0.83501,-0.01648,,,,,,,
1237671939804562807,6162,301,3,133,1399,3,258.0327431,64.10549899,25.25136,23.20584,22.45642,22.22691,21.81444,1.028484,0.2356337,0.1730511,0.2033971,0.4977453,2.04552,0.74942,,,,,,,
1237671768542544812,6122,301,4,130,940,3,257.9925288,64.11279833,23.5095,22.90421,22.62638,21.77755,21.60336,0.6850943,0.1599407,0.1661905,0.1212017,0.4771911,0.60529,0.27783,,,,,,,
1237671768542545330,6122,301,4,130,1458,3,257.9942553,64.11024532,23.75561,23.29268,22.41052,22.67031,21.85661,0.7938802,0.2222056,0.1386354,0.2615869,0.5724847,0.46293,0.88216,,,,,,,
1237671768542544789,6122,301,4,130,917,3,257.9758257,64.11452525,22.53642,20.58336,19.73491,19.41858,19.02007,0.4786241,0.03350095,0.02360011,0.02635647,0.08275458,1.95306,0.84845,,,,,,,
1237671768542544803,6122,301,4,130,931,3,257.9884476,64.10925813,23.95709,22.5587,21.31461,22.83447,21.92596,2.870588,0.3480073,0.1763699,1.044303,2.019726,1.39839,1.24409,,,,,,,
1237671768542545321,6122,301,4,130,1449,3,257.9799918,64.1096142,23.21838,23.468,22.37889,22.33465,21.78297,0.6986186,0.3227036,0.173965,0.256887,0.7091854,-0.24962,1.08911,,,,,,,
1237671939804627287,6162,301,3,134,343,3,258.2886422,64.0987527,21.56806,19.40719,18.59274,18.17607,17.93467,0.2285602,0.01482901,0.01088381,0.01083465,0.03042166,2.16087,0.81445,,,,,,,
1237671939804627830,6162,301,3,134,886,3,258.2721131,64.10115237,24.15678,22.77895,23.23106,23.33064,22.30203,1.195638,0.1777226,0.3718841,0.5535419,0.743129,1.37783,-0.45211,,,,,,,
1237671939804627870,6162,301,3,134,926,3,258.3097799,64.10388647,22.4662,22.26836,21.62152,21.53031,20.75828,0.3890985,0.121859,0.1006087,0.1345402,0.2692475,0.19784,0.64684,,,,,,,
1237671939804627831,6162,301,3,134,887,3,258.270759,64.10604606,23.46832,22.0641,21.03527,20.43249,20.21648,0.717791,0.08761622,0.05071487,0.04296017,0.1384459,1.40422,1.02883,,,,,,,
1237671939804627288,6162,301,3,134,344,3,258.2879986,64.10069728,24.07253,22.40333,21.80327,21.37684,21.91537,1.060496,0.1185587,0.09935112,0.09712294,0.5455285,1.6692,0.60006,,,,,,,
1237671768542609854,6122,301,4,131,446,3,258.2728688,64.12862472,22.76933,21.17543,20.34156,20.08723,19.95764,0.6551163,0.05751323,0.04078818,0.04877666,0.2017161,1.5939,0.83387,,,,,,,
1237671939804627265,6162,301,3,134,321,3,258.2657224,64.117118,18.47112,16.47559,15.53158,15.08851,14.74372,0.02857237,0.003546358,0.002782618,0.002732409,0.00483278,1.99553,0.94401,,,,,,,
1237671939804627855,6162,301,3,134,911,3,258.2870757,64.12441038,22.54852,22.23929,21.50111,21.92018,21.71673,0.6745858,0.2219833,0.1453921,0.3053729,0.9425114,0.30923,0.73818,,,,,,,
1237671768542609853,6122,301,4,131,445,3,258.2767186,64.12828935,22.26865,19.70593,18.94934,18.57286,18.35546,0.490307,0.02022611,0.01578591,0.01644904,0.05784192,2.56272,0.75659,,,,,,,
1237671768542609855,6122,301,4,131,447,3,258.2782931,64.12705146,22.10862,21.51037,20.41893,20.12752,20.09514,0.3950718,0.08173387,0.05138518,0.0624362,0.2539439,0.59825,1.09144,,,,,,,
1237671768542610111,6122,301,4,131,703,3,258.2709689,64.12513494,26.33569,22.91127,23.79422,24.0021,21.46825,0.5007293,0.1790725,0.4897662,0.6935301,0.506142,3.42442,-0.88295,,,,,,,
1237671939804628310,6162,301,3,134,1366,3,258.3057768,64.12065227,22.65882,23.05908,22.12544,21.94677,21.50288,0.4802603,0.252824,0.1590192,0.1961627,0.5050805,-0.40026,0.93364,,,,,,,
1237671939804628300,6162,301,3,134,1356,3,258.2804348,64.1112904,25.74559,23.23696,21.90684,20.98731,20.51822,0.7350244,0.2394852,0.1059076,0.06830494,0.1792293,2.50863,1.33012,,,,,,,
1237671939804628298,6162,301,3,134,1354,3,258.2775255,64.11312527,23.15907,23.04679,22.19171,21.68981,21.30177,0.567283,0.1988955,0.1333527,0.1226422,0.3357256,0.11228,0.85508,,,,,,,
1237671939804627869,6162,301,3,134,925,3,258.3045594,64.1119785,24.14595,22.14463,21.41414,21.15124,21.1418,1.497374,0.1277521,0.09815928,0.1160222,0.4401897,2.00132,0.73049,,,,,,,
1237671768542609423,6122,301,4,131,15,3,258.2562095,64.14266757,23.63305,16.33992,16.05074,15.47179,22.21859,7.151516,0.01417288,0.007516485,0.009021531,7.178302,7.29313,0.28918,,,,,,,
1237671768542609434,6122,301,4,131,26,3,258.248531,64.14786272,23.35156,25.51698,25.26715,22.48985,22.09939,0.9400315,0.8099035,0.8834763,0.3463672,1.061562,-2.16542,0.24983,,,,,,,
1237671768542610734,6122,301,4,131,1326,3,258.2699888,64.13433645,22.93449,23.55745,21.92948,21.69534,23.14288,0.5750616,0.3410748,0.1221586,0.1586675,1.020105,-0.62296,1.62797,,,,,,,
1237671939804627824,6162,301,3,134,880,3,258.2672125,64.09614795,25.12544,22.57054,21.50068,21.18757,21.19555,1.218711,0.1520476,0.08684817,0.09694907,0.3673881,2.5549,1.06986,,,,,,,
1237671939804627788,6162,301,3,134,844,3,258.2430332,64.1092104,23.43826,21.1415,20.39648,20.10665,19.93155,0.825844,0.04642546,0.03439741,0.03779053,0.126712,2.29676,0.74502,,,,,,,
1237671939804627805,6162,301,3,134,861,3,258.2488847,64.11191038,23.36567,22.34876,21.59457,21.45646,21.52243,0.9539917,0.1553435,0.1125731,0.1445611,0.5837938,1.01691,0.75419,,,,,,,
1237671939804562653,6162,301,3,133,1245,3,258.2237285,64.108113,25.12978,21.87997,21.08064,20.98132,20.55305,1.48917,0.1009833,0.07401671,0.1026296,0.2671868,3.24981,0.79933,,,,,,,
1237671939804627793,6162,301,3,134,849,3,258.2481754,64.1021394,22.60557,22.06233,21.42218,20.96164,20.55205,0.4360807,0.1016346,0.08506703,0.0799613,0.2216935,0.54324,0.64015,,,,,,,
1237671768542610080,6122,301,4,131,672,3,258.2417804,64.12932615,24.56373,21.67144,21.0058,20.7633,20.84996,2.217263,0.1040797,0.08636526,0.1193974,0.5451982,2.89229,0.66564,,,,,,,
1237671768542610087,6122,301,4,131,679,3,258.2481308,64.12924737,25.74665,21.80467,20.89981,20.57541,20.49994,0.9716435,0.08242537,0.0557568,0.0625416,0.2745045,3.94198,0.90486,,,,,,,
1237671768542610073,6122,301,4,131,665,3,258.2414336,64.12248614,23.52115,22.16948,21.60001,21.52584,20.95742,0.7060977,0.0846274,0.07015471,0.09521299,0.2803187,1.35167,0.56947,,,,,,,
1237671768542610058,6122,301,4,131,650,3,258.2366239,64.12302688,23.23242,23.04112,22.46926,22.50588,21.75789,0.6775307,0.2065661,0.1796493,0.2790784,0.6448455,0.1913,0.57186,,,,,,,
1237671768542610062,6122,301,4,131,654,3,258.2348664,64.12754262,23.36918,23.1946,23.0606,22.14398,21.34606,0.5930612,0.1869089,0.2131799,0.1488976,0.3537793,0.17458,0.134,,,,,,,
1237671768542545147,6122,301,4,130,1275,3,258.1709032,64.12261931,23.01381,24.16994,22.92939,22.04242,22.06364,0.4733939,0.4113449,0.2023657,0.143438,0.617215,-1.15613,1.24055,,,,,,,
1237671768542545176,6122,301,4,130,1304,3,258.1933449,64.12584613,26.06523,21.59278,20.08327,19.43138,18.91173,0.871885,0.08073265,0.03249119,0.02756054,0.07969946,4.47245,1.50951,,,,,,,
1237671939804562990,6162,301,3,133,1582,3,258.2076554,64.1182027,23.74966,24.55291,23.97051,21.9989,21.2458,0.8029721,0.5407062,0.4991756,0.1471605,0.2920856,-0.80325,0.5824,,,,,,,
1237671768542545202,6122,301,4,130,1330,3,258.2052931,64.12263831,22.64858,21.02371,20.19143,20.04383,19.61548,0.8529366,0.07185581,0.05471078,0.07032618,0.223669,1.62487,0.83228,,,,,,,
1237671939804562636,6162,301,3,133,1228,3,258.2168504,64.10919506,22.05563,21.19062,20.47575,20.12852,19.95206,0.2662365,0.04848972,0.03730271,0.03951385,0.1319457,0.86501,0.71487,,,,,,,
1237671939804562641,6162,301,3,133,1233,3,258.2178458,64.11276788,23.16858,20.51666,19.7723,19.41342,19.1308,0.9073503,0.03473178,0.02673234,0.02844917,0.08618196,2.65192,0.74436,,,,,,,
1237671939804627701,6162,301,3,134,757,3,258.2444292,64.11578891,20.98776,20.04126,19.27198,18.86724,18.66007,0.1262078,0.02189042,0.01635433,0.01644421,0.04995624,0.9465,0.76928,,,,,,,
1237671939804562658,6162,301,3,133,1250,3,258.226285,64.11376689,24.92319,22.13225,21.47609,21.15058,21.45774,1.368307,0.1103313,0.08800559,0.09474961,0.4655082,2.79094,0.65616,,,,,,,
1237671939804562638,6162,301,3,133,1230,3,258.2138381,64.11741488,23.16256,22.0428,21.4922,21.28723,21.78389,0.5946537,0.08731383,0.0761913,0.09020204,0.4970386,1.11976,0.5506,,,,,,,
1237671768542610039,6122,301,4,131,631,3,258.2092167,64.16654047,21.89938,20.58812,19.70626,19.37357,19.2776,0.3258984,0.03753281,0.0262206,0.02863951,0.1197127,1.31126,0.88186,,,,,,,
1237671768542609947,6122,301,4,131,539,3,258.2266957,64.16327006,23.45455,25.03528,22.33109,21.20986,20.61894,0.871353,0.7428017,0.1699956,0.09504396,0.2738862,-1.58073,2.70419,,,,,,,
1237671768542544071,6122,301,4,130,199,3,258.1757995,64.15716454,24.24829,24.36759,22.77048,23.07742,22.11489,1.032358,0.4826257,0.1898173,0.3506549,0.6574001,-0.1193,1.59711,,,,,,,
1237671768542545177,6122,301,4,130,1305,3,258.1823223,64.15538144,26.62466,20.50665,19.67599,19.2602,19.24808,0.6325185,0.03728219,0.02704091,0.02782745,0.124725,6.11801,0.83066,,,,,,,
1237671768542545179,6122,301,4,130,1307,3,258.1789615,64.16656929,26.25173,22.00732,21.23082,20.74471,20.2615,0.5752788,0.09068746,0.06739725,0.06578046,0.2019075,4.24441,0.7765,,,,,,,
1237671768542545180,6122,301,4,130,1308,3,258.1744417,64.16721571,22.14598,21.37825,20.90403,20.81898,20.62198,0.3555183,0.06389625,0.06290693,0.09532329,0.3464017,0.76773,0.47422,,,,,,,
1237671768542544069,6122,301,4,130,197,3,258.1730314,64.15918804,23.04757,22.40188,22.34839,21.48302,21.90285,0.594637,0.123659,0.1654214,0.132497,0.7137642,0.64569,0.05349,,,,,,,
1237671768542544070,6122,301,4,130,198,3,258.1695749,64.15924821,23.76423,23.01956,22.3379,22.01025,21.90296,0.8181416,0.1736546,0.1278507,0.1429135,0.5643014,0.74467,0.68166,,,,,,,
1237671768542609422,6122,301,4,131,14,3,258.2468291,64.13998602,22.83986,16.45017,16.40593,15.64652,24.46426,4.175753,0.009088565,0.01070882,0.007623778,3.838776,6.38969,0.04424,,,,,,,
1237671768542610706,6122,301,4,131,1298,3,258.2179932,64.14462245,24.7841,24.39767,22.32081,21.38391,20.94466,1.192923,0.5277309,0.1487164,0.09746788,0.3144439,0.38643,2.07686,,,,,,,
1237671768542610035,6122,301,4,131,627,3,258.213587,64.14903227,25.46275,22.86635,22.11339,21.68158,22.616,0.922323,0.1687701,0.1220117,0.1332733,0.8837336,2.5964,0.75296,,,,,,,
1237671768542610956,6122,301,4,131,1548,3,258.2094276,64.14873239,23.75754,23.06078,22.38486,21.37298,20.83099,1.439675,0.3067024,0.2493227,0.1547168,0.4554457,0.69676,0.67592,,,,,,,
1237671768542609433,6122,301,4,131,25,3,258.2419355,64.14804311,26.86965,22.44043,26.41981,23.47746,22.31218,0.4831291,0.186475,0.5167865,0.9499953,1.372718,4.42922,-3.97938,,,,,,,
1237671768542545207,6122,301,4,130,1335,3,258.1976447,64.15131421,25.75997,22.10699,21.13205,21.09024,20.52036,1.372109,0.1529593,0.1082997,0.1536851,0.4243194,3.65298,0.97494,,,,,,,
1237671768542545467,6122,301,4,130,1595,3,258.1940645,64.15913446,24.87304,23.85606,22.4204,21.56905,21.4889,1.124461,0.3594682,0.1476847,0.1054367,0.4605998,1.01698,1.43566,,,,,,,
1237671768542545217,6122,301,4,130,1345,3,258.2022677,64.15479928,22.58196,20.54221,19.80824,19.41336,19.07947,0.4654275,0.0296089,0.02334032,0.02443977,0.07997654,2.03975,0.73397,,,,,,,
1237671768542545472,6122,301,4,130,1600,3,258.1977984,64.16797107,23.38843,23.36648,22.0836,21.84789,22.87551,1.031295,0.3640684,0.2448869,0.2168809,1.328639,0.02195,1.28288,,,,,,,
1237671768542545466,6122,301,4,130,1594,3,258.1894011,64.16671672,25.06553,24.47387,22.91203,22.53256,21.83314,1.01371,0.5013784,0.2116092,0.2278889,0.5498323,0.59166,1.56184,,,,,,,
1237671768542544274,6122,301,4,130,402,3,258.0569989,64.14100235,19.24696,17.34149,16.46408,16.05598,15.71056,0.06259227,0.005955729,0.004594705,0.004568471,0.01137515,1.90547,0.87741,,,,,,,
1237671768542544986,6122,301,4,130,1114,3,258.0825831,64.14077906,23.79881,21.63656,20.96456,20.52383,20.16817,1.537083,0.09377196,0.07938743,0.0882402,0.2783493,2.16225,0.672,,,,,,,
1237671768542544302,6122,301,4,130,430,3,258.0705862,64.13997047,21.22803,19.40617,18.5685,18.22316,17.92793,0.1422076,0.01335202,0.009856386,0.0101292,0.0293219,1.82186,0.83767,,,,,,,
1237671768542545390,6122,301,4,130,1518,3,258.0681254,64.1506725,25.34944,24.1219,22.7681,21.50047,20.64839,0.8795544,0.4259471,0.1961985,0.0968276,0.2239244,1.22754,1.3538,,,,,,,
1237671768542545391,6122,301,4,130,1519,3,258.0724269,64.14354872,23.30509,23.58855,22.877,22.9026,23.13313,0.620189,0.2893603,0.2136743,0.3209069,0.7875345,-0.28346,0.71155,,,,,,,
1237671768542545616,6122,301,4,130,1744,3,258.0573435,64.14985051,24.5243,23.52505,22.5398,22.5453,22.24597,1.225911,0.3067384,0.2034295,0.3031481,0.8440343,0.99925,0.98525,,,,,,,
1237671768542544275,6122,301,4,130,403,3,258.0633616,64.14222568,22.07404,21.57692,20.68064,20.2733,19.67802,0.3115459,0.07295569,0.04823108,0.05039706,0.1378721,0.49712,0.89628,,,,,,,
1237671768542545389,6122,301,4,130,1517,3,258.0676312,64.14668408,23.16023,23.7582,22.70309,21.93957,21.14854,0.5474833,0.3290703,0.1848079,0.1428432,0.3405586,-0.59797,1.05511,,,,,,,
1237671768542545580,6122,301,4,130,1708,3,258.1428192,64.12353041,24.23047,23.9072,23.03655,21.97328,23.8284,1.178566,0.4107237,0.2764898,0.1680517,0.6555804,0.32327,0.87065,,,,,,,
1237671768542545063,6122,301,4,130,1191,3,258.1303371,64.12503674,25.67682,22.67987,22.73674,22.38784,21.46201,0.9679436,0.1756984,0.2544483,0.2892537,0.5967638,2.99695,-0.05687,,,,,,,
1237671768542544344,6122,301,4,130,472,3,258.136014,64.12750759,19.94204,18.80012,18.41983,18.16204,17.99081,0.06661948,0.01031613,0.01082503,0.01251604,0.04365632,1.14192,0.38029,,,,,,,
1237671768542545436,6122,301,4,130,1564,3,258.1384163,64.13003572,23.36766,23.47145,22.69531,23.22656,22.75374,0.6257751,0.2579187,0.1790562,0.39434,0.8095472,-0.10379,0.77614,,,,,,,
1237671768542545631,6122,301,4,130,1759,3,258.1153678,64.158278,22.76828,23.95842,22.69654,21.89473,21.30706,0.5019407,0.4801023,0.2683413,0.1859794,0.5191356,-1.19014,1.26188,,,,,,,
1237671768542544479,6122,301,4,130,607,3,258.1268786,64.15856763,19.31874,17.92492,17.22713,16.83624,16.59941,0.07251608,0.009471771,0.009775147,0.007820112,0.02606878,1.39382,0.69779,,,,,,,
1237671768542544480,6122,301,4,130,608,3,258.1221691,64.15847685,21.94372,20.30524,19.7801,19.52667,19.36707,0.4278328,0.03690804,0.03445216,0.04114058,0.1605106,1.63848,0.52514,,,,,,,
1237671768542545582,6122,301,4,130,1710,3,258.1396501,64.14175275,23.29491,24.23634,22.53907,21.46162,20.58116,0.8800233,0.6692863,0.2490604,0.1473583,0.3200594,-0.94143,1.69727,,,,,,,
1237671768542545424,6122,301,4,130,1552,3,258.1151022,64.14597661,26.26571,24.67854,22.09111,22.84896,24.18062,0.6361465,0.7727086,0.1574371,0.4540514,0.6216484,1.58717,2.58743,,,,,,,
1237671768542545422,6122,301,4,130,1550,3,258.1145549,64.13969504,23.46331,24.86691,22.75228,22.50614,21.61822,0.726116,0.6295057,0.2027773,0.2438217,0.5207127,-1.4036,2.11463,,,,,,,
1237671768542545413,6122,301,4,130,1541,3,258.0970113,64.1513223,25.44367,24.06873,23.07592,22.17908,21.80247,0.9355106,0.4528542,0.288248,0.1948234,0.630187,1.37494,0.99281,,,,,,,
1237671768542545399,6122,301,4,130,1527,3,258.0869435,64.13953194,22.55266,23.57471,22.06013,22.03645,21.39109,0.3848195,0.32497,0.1243919,0.1831015,0.4817322,-1.02205,1.51458,,,,,,,
1237671768542544330,6122,301,4,130,458,3,258.09566,64.14127938,18.60036,17.58181,17.21232,16.87282,16.75275,0.02774484,0.005449689,0.005587596,0.005799299,0.01865969,1.01855,0.36949,,,,,,,
1237671768542544997,6122,301,4,130,1125,3,258.087364,64.14374793,26.38003,21.38787,20.95203,20.94142,21.23676,0.8990411,0.08863602,0.08936545,0.1366223,0.8205519,4.99216,0.43584,,,,,,,
1237671768542545620,6122,301,4,130,1748,3,258.1659009,64.15268801,26.51472,23.36391,22.52846,22.07739,21.2799,0.4307248,0.2703675,0.1917379,0.1956673,0.4508047,3.15081,0.83545,,,,,,,
1237671768542544360,6122,301,4,130,488,3,258.1489845,64.12706866,24.41344,20.96303,20.20646,19.7876,19.42409,2.039735,0.05493332,0.0421302,0.04412221,0.1636477,3.45041,0.75657,,,,,,,
1237671768542545164,6122,301,4,130,1292,3,258.173791,64.1276275,22.32582,21.50504,20.97753,20.82297,20.53556,0.4333897,0.07861613,0.07056341,0.09532189,0.3438827,0.82078,0.52751,,,,,,,
1237671768542544385,6122,301,4,130,513,3,258.1522182,64.13856935,22.53688,20.12706,19.44713,19.05596,18.93301,0.5413567,0.02466389,0.02066221,0.02177922,0.08446311,2.40982,0.67993,,,,,,,
1237671768542545440,6122,301,4,130,1568,3,258.1576877,64.13684071,23.43249,22.78158,21.04809,19.95502,19.53364,1.096464,0.2340514,0.07432549,0.04373424,0.1461598,0.65091,1.73349,,,,,,,
1237671768542545139,6122,301,4,130,1267,3,258.1634268,64.1348486,22.34622,21.18314,19.91216,19.45153,18.95805,0.3585062,0.04789456,0.02400837,0.02330974,0.06698882,1.16308,1.27098,,,,,,,
1237671768542545134,6122,301,4,130,1262,3,258.163357,64.12756718,21.99444,20.85712,20.15417,20.01314,19.89753,0.2844276,0.03934419,0.03038778,0.03903143,0.1665303,1.13732,0.70295,,,,,,,
1237671768542609426,6122,301,4,131,18,3,258.2332995,64.13430661,22.16465,21.97845,20.60073,20.2226,19.89213,0.3577128,0.1046574,0.04888996,0.05784295,0.1782225,0.1862,1.37772,,,,,,,
1237671768542545595,6122,301,4,130,1723,3,258.201029,64.14128517,25.63479,25.20616,23.60801,22.05821,21.30849,0.7789371,0.6183314,0.3855407,0.1592217,0.3992252,0.42863,1.59815,,,,,,,
1237671768542610047,6122,301,4,131,639,3,258.2214059,64.14314462,23.53476,22.92155,22.18672,23.2634,22.39842,0.7013941,0.1605634,0.1135174,0.3916513,0.7332847,0.61321,0.73483,,,,,,,
1237671768542545465,6122,301,4,130,1593,3,258.2019714,64.13284746,23.60646,23.45042,22.5621,22.74323,21.33143,0.8311093,0.2744446,0.174183,0.3017914,0.4307035,0.15604,0.88832,,,,,,,
1237671768542610034,6122,301,4,131,626,3,258.2202738,64.1334576,24.20661,21.15835,20.21191,19.83256,19.32813,1.34024,0.04587602,0.03015634,0.03217429,0.09335276,3.04826,0.94644,,,,,,,
1237671768542545205,6122,301,4,130,1333,3,258.2003923,64.13469295,23.16483,22.57766,21.72374,20.98026,20.87706,0.9902884,0.2143288,0.1624002,0.133042,0.5190094,0.58717,0.85392,,,,,,,
1237671768542545215,6122,301,4,130,1343,3,258.2069858,64.13760999,23.0488,22.66414,21.58246,21.50628,23.44092,0.8628228,0.2233437,0.1264096,0.1784216,1.283277,0.38466,1.08168,,,,,,,
1237671768542545216,6122,301,4,130,1344,3,258.2092678,64.13689283,22.89095,23.60531,22.90243,22.47851,22.67328,0.4462207,0.2831766,0.2124363,0.2148819,0.7846215,-0.71436,0.70288,,,,,,,
1237671768542545172,6122,301,4,130,1300,3,258.1814398,64.13456222,21.93315,21.18727,20.14052,19.69141,19.34555,0.2986445,0.05613702,0.03452609,0.03494973,0.1196989,0.74588,1.04675,,,,,,,
1237671768542544904,6122,301,4,130,1032,3,258.0301303,64.1492889,23.62901,22.41739,21.80315,21.34159,21.71768,0.7633586,0.1084945,0.08651028,0.08587833,0.5288737,1.21162,0.61424,,,,,,,
1237671768542544459,6122,301,4,130,587,3,258.0407372,64.15127545,22.46,20.04808,19.26641,18.89353,18.68871,0.3897622,0.01989808,0.01501969,0.01556687,0.05377483,2.41192,0.78167,,,,,,,
1237671768542544928,6122,301,4,130,1056,3,258.0384316,64.16051761,23.32847,22.3935,21.87037,21.57443,23.33833,0.798546,0.1337166,0.1314976,0.1472651,0.9985928,0.93497,0.52313,,,,,,,
1237671768542544927,6122,301,4,130,1055,3,258.0373476,64.16207644,25.46345,22.13688,21.54542,21.21642,22.1962,0.9813595,0.09948127,0.0831693,0.09315243,0.846723,3.32657,0.59146,,,,,,,
1237671768542545373,6122,301,4,130,1501,3,258.0391496,64.1565664,22.84804,22.51521,20.9117,20.5446,20.05066,0.7925202,0.2123257,0.07700647,0.08596863,0.2588478,0.33283,1.60351,,,,,,,
1237671768542545104,6122,301,4,130,1232,3,258.1286141,64.16350845,21.88434,20.13753,19.66097,19.10857,19.00874,0.2921394,0.02473912,0.05558489,0.02136861,0.08473729,1.74681,0.47656,,,,,,,
1237671768542544327,6122,301,4,130,455,3,258.0828453,64.1582579,24.93604,22.96546,22.51367,21.82715,21.70805,1.116936,0.1811074,0.1663554,0.138884,0.5530471,1.97058,0.45179,,,,,,,
1237671768542544025,6122,301,4,130,153,3,258.0881856,64.16539131,23.18976,21.26555,20.66541,20.35274,20.08153,0.8243114,0.05738447,0.05037049,0.05803069,0.2109597,1.92421,0.60014,,,,,,,
1237671768542545182,6122,301,4,130,1310,3,258.1736084,64.17266036,25.93581,24.07146,22.67715,21.36278,20.63353,0.5883797,0.3959564,0.174821,0.0837631,0.2142146,1.86435,1.39431,,,,,,,
1237671768542545090,6122,301,4,130,1218,3,258.1177189,64.16685064,22.49238,22.24271,21.46215,21.51968,21.41576,0.3534344,0.09989977,0.06870735,0.1056552,0.4583344,0.24967,0.78056,,,,,,,
1237671768542545105,6122,301,4,130,1233,3,258.1258245,64.17302634,22.90115,22.11309,21.82121,22.95628,22.88912,0.9031377,0.1619323,0.1895158,0.7703146,1.819121,0.78806,0.29188,,,,,,,
1237671768542545098,6122,301,4,130,1226,3,258.1186301,64.17279785,24.48566,23.81184,23.42441,22.55634,21.43921,1.065266,0.3259662,0.3172048,0.2272003,0.4040812,0.67382,0.38743,,,,,,,
1237671768542545056,6122,301,4,130,1184,3,258.1097958,64.16941396,24.48084,21.36966,20.61427,20.19902,19.97949,1.983236,0.07492574,0.05758761,0.05947712,0.2270441,3.11118,0.75539,,,,,,,
1237671768542545095,6122,301,4,130,1223,3,258.1181129,64.1704989,21.51026,20.63641,20.04796,19.82636,19.52038,0.2365418,0.03983966,0.03494016,0.04271424,0.1491264,0.87385,0.58845,,,,,,,
1237671768542545096,6122,301,4,130,1224,3,258.1217898,64.17054549,22.69406,22.76693,22.21898,21.81102,23.02458,0.3955393,0.1507767,0.1301869,0.1372456,0.8401441,-0.07287,0.54795,,,,,,,
